[{"Name":"Kabhi Khushi Kabhie Gham...","Release Date":"14 Dec 2001","Screens":"500","Nett Gross":"2,38,00,000"},{"Name":"Indian","Release Date":"26 Oct 2001","Screens":"375","Nett Gross":"1,80,00,000"},{"Name":"Ajnabee","Release Date":"21 Sep 2001","Screens":"325","Nett Gross":"1,65,00,000"},{"Name":"Yaadein","Release Date":"27 Jul 2001","Screens":"375","Nett Gross":"1,59,00,000"},{"Name":"Gadar - Ek Prem Katha","Release Date":"15 Jun 2001","Screens":"350","Nett Gross":"1,40,00,000"},{"Name":"Lajja","Release Date":"31 Aug 2001","Screens":"315","Nett Gross":"1,34,00,000"},{"Name":"Ek Rishtaa - The Bond Of Love","Release Date":"18 May 2001","Screens":"350","Nett Gross":"1,31,00,000"},{"Name":"Jodi No.1","Release Date":"13 Apr 2001","Screens":"285","Nett Gross":"1,15,00,000"},{"Name":"Chori Chori Chupke Chupke","Release Date":"9 Mar 2001","Screens":"295","Nett Gross":"1,14,00,000"},{"Name":"Farz","Release Date":"12 Jan 2001","Screens":"300","Nett Gross":"1,07,00,000"},{"Name":"Aks","Release Date":"13 Jul 2001","Screens":"250","Nett Gross":"1,00,00,000"},{"Name":"Lagaan","Release Date":"15 Jun 2001","Screens":"270","Nett Gross":"1,00,00,000"},{"Name":"Asoka","Release Date":"26 Oct 2001","Screens":"235","Nett Gross":"1,00,00,000"},{"Name":"Aashiq","Release Date":"26 Jan 2001","Screens":"275","Nett Gross":"90,00,000"},{"Name":"Dil Chahta Hai","Release Date":"10 Aug 2001","Screens":"210","Nett Gross":"90,00,000"},{"Name":"Nayak","Release Date":"7 Sep 2001","Screens":"280","Nett Gross":"85,00,000"},{"Name":"Yeh Raaste Hain Pyaar Ke","Release Date":"10 Aug 2001","Screens":"275","Nett Gross":"83,00,000"},{"Name":"Mujhe Kucch Kehna Hai","Release Date":"25 May 2001","Screens":"225","Nett Gross":"81,00,000"},{"Name":"One 2 Ka 4","Release Date":"30 Mar 2001","Screens":"260","Nett Gross":"77,00,000"},{"Name":"Albela","Release Date":"20 Apr 2001","Screens":"250","Nett Gross":"76,00,000"},{"Name":"Kyo Kii... Main Jhuth Nahin Bolta","Release Date":"21 Sep 2001","Screens":"230","Nett Gross":"64,00,000"},{"Name":"Love Ke Liye Kuch Bhi Karega","Release Date":"29 Jun 2001","Screens":"180","Nett Gross":"57,00,000"},{"Name":"Pyaar Ishq Aur Mohabbat","Release Date":"3 Aug 2001","Screens":"225","Nett Gross":"56,00,000"},{"Name":"Yeh Teraa Ghar Yeh Meraa Ghar","Release Date":"12 Oct 2001","Screens":"165","Nett Gross":"54,00,000"},{"Name":"Pyaar Tune Kya Kiya","Release Date":"27 Apr 2001","Screens":"160","Nett Gross":"48,00,000"},{"Name":"Deewaanapan","Release Date":"16 Nov 2001","Screens":"200","Nett Gross":"48,00,000"},{"Name":"Aamdani Atthani Kharcha Rupaiyaa","Release Date":"21 Dec 2001","Screens":"175","Nett Gross":"46,00,000"},{"Name":"Officer","Release Date":"2 Mar 2001","Screens":"190","Nett Gross":"43,00,000"},{"Name":"Tera Mera Saath Rahen","Release Date":"16 Nov 2001","Screens":"175","Nett Gross":"43,00,000"},{"Name":"Bas Itna Sa Khwaab Hai...","Release Date":"6 Jul 2001","Screens":"165","Nett Gross":"42,00,000"},{"Name":"Rehnaa Hai Teree Dil Mein","Release Date":"19 Oct 2001","Screens":"150","Nett Gross":"41,00,000"},{"Name":"Ittefaq","Release Date":"14 Sep 2001","Screens":"160","Nett Gross":"36,00,000"},{"Name":"Kuch Khatti Kuch Meethi","Release Date":"19 Jan 2001","Screens":"150","Nett Gross":"35,00,000"},{"Name":"Hum Ho Gaye Aapke","Release Date":"3 Aug 2001","Screens":"135","Nett Gross":"35,00,000"},{"Name":"Style","Release Date":"28 Dec 2001","Screens":"100","Nett Gross":"29,00,000"},{"Name":"Abhay","Release Date":"16 Nov 2001","Screens":"80","Nett Gross":"28,00,000"},{"Name":"Chhupa Rustam","Release Date":"23 Mar 2001","Screens":"120","Nett Gross":"27,00,000"},{"Name":"Kasoor","Release Date":"2 Feb 2001","Screens":"100","Nett Gross":"23,00,000"},{"Name":"Kasam","Release Date":"12 Oct 2001","Screens":"80","Nett Gross":"19,00,000"},{"Name":"Zubeidaa","Release Date":"19 Jan 2001","Screens":"70","Nett Gross":"19,00,000"},{"Name":"Ehsaas","Release Date":"30 Nov 2001","Screens":"115","Nett Gross":"16,50,000"},{"Name":"Yeh Zindagi Ka Safar","Release Date":"16 Nov 2001","Screens":"65","Nett Gross":"16,00,000"},{"Name":"Chandni Bar","Release Date":"28 Sep 2001","Screens":"60","Nett Gross":"16,00,000"},{"Name":"Tum Bin","Release Date":"13 Jul 2001","Screens":"90","Nett Gross":"15,00,000"},{"Name":"Dil Ne Phir Yaad Kiya","Release Date":"7 Sep 2001","Screens":"95","Nett Gross":"13,00,000"},{"Name":"Khatron Ke Khiladi","Release Date":"4 May 2001","Screens":"80","Nett Gross":"13,00,000"},{"Name":"Zahreela","Release Date":"2 Mar 2001","Screens":"65","Nett Gross":"13,00,000"},{"Name":"Mitti","Release Date":"26 Oct 2001","Screens":"65","Nett Gross":"12,50,000"},{"Name":"Grahan","Release Date":"16 Feb 2001","Screens":"60","Nett Gross":"11,00,000"},{"Name":"Hadh","Release Date":"2 Mar 2001","Screens":"75","Nett Gross":"11,00,000"},{"Name":"Devdas","Release Date":"12 Jul 2002","Screens":"325","Nett Gross":"2,09,00,000"},{"Name":"Kaante","Release Date":"20 Dec 2002","Screens":"450","Nett Gross":"2,04,00,000"},{"Name":"Maa Tujhhe Salaam","Release Date":"25 Jan 2002","Screens":"375","Nett Gross":"1,71,00,000"},{"Name":"Hum Kisise Kum Nahin","Release Date":"31 May 2002","Screens":"350","Nett Gross":"1,63,00,000"},{"Name":"Humraaz","Release Date":"5 Jul 2002","Screens":"325","Nett Gross":"1,55,00,000"},{"Name":"Awara Paagal Deewana","Release Date":"21 Jun 2002","Screens":"325","Nett Gross":"1,53,00,000"},{"Name":"Hum Tumhare Hain Sanam","Release Date":"24 May 2002","Screens":"300","Nett Gross":"1,42,00,000"},{"Name":"Jaani Dushman - Ek Anokhi Kahani","Release Date":"15 Aug 2002","Screens":"350","Nett Gross":"1,35,00,000"},{"Name":"Tumko Na Bhool Paayenge","Release Date":"22 Feb 2002","Screens":"290","Nett Gross":"1,28,00,000"},{"Name":"Karz - The Burden of Truth","Release Date":"6 Dec 2002","Screens":"335","Nett Gross":"1,26,00,000"},{"Name":"23rd March 1931 Shaheed","Release Date":"7 Jun 2002","Screens":"320","Nett Gross":"1,21,00,000"},{"Name":"Aankhen","Release Date":"5 Apr 2002","Screens":"310","Nett Gross":"1,20,00,000"},{"Name":"Company","Release Date":"12 Apr 2002","Screens":"295","Nett Gross":"1,18,00,000"},{"Name":"Mujhse Dosti Karoge!","Release Date":"9 Aug 2002","Screens":"290","Nett Gross":"1,16,00,000"},{"Name":"Aap Mujhe Achche Lagne Lage","Release Date":"19 Apr 2002","Screens":"250","Nett Gross":"1,09,00,000"},{"Name":"Chor Machaaye Shor","Release Date":"30 Aug 2002","Screens":"260","Nett Gross":"1,00,00,000"},{"Name":"Shakthi - The Power","Release Date":"20 Sep 2002","Screens":"285","Nett Gross":"98,00,000"},{"Name":"Haan Maine Bhi Pyaar Kiya","Release Date":"15 Feb 2002","Screens":"275","Nett Gross":"96,00,000"},{"Name":"Road","Release Date":"27 Sep 2002","Screens":"225","Nett Gross":"88,00,000"},{"Name":"Yeh Hai Jalwa","Release Date":"26 Jul 2002","Screens":"280","Nett Gross":"87,00,000"},{"Name":"Maine Dil Tujhko Diya","Release Date":"16 Aug 2002","Screens":"235","Nett Gross":"85,00,000"},{"Name":"Kranti","Release Date":"8 Mar 2002","Screens":"270","Nett Gross":"82,00,000"},{"Name":"Na Tum Jaano Na Hum","Release Date":"10 May 2002","Screens":"200","Nett Gross":"81,00,000"},{"Name":"Raaz","Release Date":"1 Feb 2002","Screens":"215","Nett Gross":"79,00,000"},{"Name":"Om Jai Jagadish","Release Date":"19 Jul 2002","Screens":"250","Nett Gross":"79,00,000"},{"Name":"Hathyar","Release Date":"18 Oct 2002","Screens":"265","Nett Gross":"77,00,000"},{"Name":"Dil Hai Tumhaara","Release Date":"6 Sep 2002","Screens":"235","Nett Gross":"76,00,000"},{"Name":"Pitaah","Release Date":"4 Jan 2002","Screens":"275","Nett Gross":"74,00,000"},{"Name":"Kyaa Dil Ne Kahaa","Release Date":"28 Jun 2002","Screens":"220","Nett Gross":"70,00,000"},{"Name":"Rishtey","Release Date":"6 Dec 2002","Screens":"260","Nett Gross":"68,00,000"},{"Name":"Deewangee","Release Date":"25 Oct 2002","Screens":"250","Nett Gross":"68,00,000"},{"Name":"Jeena Sirf Merre Liye","Release Date":"1 Nov 2002","Screens":"210","Nett Gross":"66,00,000"},{"Name":"Badhaai Ho Badhaai","Release Date":"14 Jun 2002","Screens":"170","Nett Gross":"63,00,000"},{"Name":"Kya Yehi Pyaar Hai","Release Date":"22 Mar 2002","Screens":"190","Nett Gross":"60,00,000"},{"Name":"The Legend Of Bhagat Singh","Release Date":"7 Jun 2002","Screens":"245","Nett Gross":"59,00,000"},{"Name":"Gunaah","Release Date":"20 Sep 2002","Screens":"230","Nett Gross":"59,00,000"},{"Name":"Koi Mere Dil Se Poochhe","Release Date":"11 Jan 2002","Screens":"180","Nett Gross":"55,00,000"},{"Name":"Akhiyon Se Goli Maare","Release Date":"2 Aug 2002","Screens":"225","Nett Gross":"55,00,000"},{"Name":"Saathiya","Release Date":"20 Dec 2002","Screens":"180","Nett Gross":"53,00,000"},{"Name":"Mere Yaar Ki Shaadi Hai","Release Date":"7 Jun 2002","Screens":"150","Nett Gross":"52,00,000"},{"Name":"16 December","Release Date":"22 Mar 2002","Screens":"175","Nett Gross":"52,00,000"},{"Name":"Yeh Kya Ho Raha Hai?","Release Date":"11 Oct 2002","Screens":"150","Nett Gross":"51,00,000"},{"Name":"Yeh Dil Aashiqanaa","Release Date":"18 Jan 2002","Screens":"160","Nett Gross":"47,00,000"},{"Name":"Ab Ke Baras","Release Date":"10 May 2002","Screens":"185","Nett Gross":"40,00,000"},{"Name":"Annarth","Release Date":"1 Nov 2002","Screens":"165","Nett Gross":"39,00,000"},{"Name":"Ek Chhotisi Love Story","Release Date":"6 Sep 2002","Screens":"65","Nett Gross":"35,00,000"},{"Name":"Dil Vil Pyar Vyar","Release Date":"18 Oct 2002","Screens":"140","Nett Gross":"32,00,000"},{"Name":"Agni Varsha","Release Date":"30 Aug 2002","Screens":"120","Nett Gross":"31,00,000"},{"Name":"Kitne Door... Kitne Paas","Release Date":"29 Mar 2002","Screens":"125","Nett Gross":"29,00,000"},{"Name":"Danger","Release Date":"17 May 2002","Screens":"85","Nett Gross":"26,00,000"},{"Name":"L.O.C Kargil","Release Date":"26 Dec 2003","Screens":"475","Nett Gross":"2,27,00,000"},{"Name":"Koi Mil Gaya","Release Date":"8 Aug 2003","Screens":"450","Nett Gross":"2,25,00,000"},{"Name":"The Hero - Love Story of a Spy","Release Date":"11 Apr 2003","Screens":"500","Nett Gross":"2,22,00,000"},{"Name":"Kal Ho Naa Ho","Release Date":"27 Nov 2003","Screens":"400","Nett Gross":"2,17,00,000"},{"Name":"Qayamat","Release Date":"11 Jul 2003","Screens":"425","Nett Gross":"1,87,00,000"},{"Name":"Tere Naam","Release Date":"15 Aug 2003","Screens":"375","Nett Gross":"1,85,00,000"},{"Name":"Chalte Chalte","Release Date":"13 Jun 2003","Screens":"280","Nett Gross":"1,50,00,000"},{"Name":"Zameen","Release Date":"26 Sep 2003","Screens":"350","Nett Gross":"1,45,00,000"},{"Name":"Andaaz","Release Date":"23 May 2003","Screens":"300","Nett Gross":"1,44,00,000"},{"Name":"Janasheen","Release Date":"26 Nov 2003","Screens":"350","Nett Gross":"1,37,00,000"},{"Name":"Bhoot","Release Date":"30 May 2003","Screens":"235","Nett Gross":"1,27,00,000"},{"Name":"Boom","Release Date":"19 Sep 2003","Screens":"260","Nett Gross":"1,27,00,000"},{"Name":"Main Prem Ki Diwani Hoon","Release Date":"27 Jun 2003","Screens":"300","Nett Gross":"1,24,00,000"},{"Name":"Ek Aur Ek Gyarah","Release Date":"28 Mar 2003","Screens":"225","Nett Gross":"1,10,00,000"},{"Name":"Jaal - The Trap","Release Date":"18 Jul 2003","Screens":"350","Nett Gross":"1,09,00,000"},{"Name":"Gangaajal","Release Date":"29 Aug 2003","Screens":"290","Nett Gross":"1,08,00,000"},{"Name":"Munnabhai M.B.B.S.","Release Date":"19 Dec 2003","Screens":"265","Nett Gross":"1,06,00,000"},{"Name":"Khel","Release Date":"3 Oct 2003","Screens":"325","Nett Gross":"1,01,00,000"},{"Name":"Talaash - The Hunt Begins...","Release Date":"3 Jan 2003","Screens":"325","Nett Gross":"95,00,000"},{"Name":"Baghban","Release Date":"3 Oct 2003","Screens":"275","Nett Gross":"90,00,000"},{"Name":"Darna Mana Hai","Release Date":"25 Jul 2003","Screens":"200","Nett Gross":"86,00,000"},{"Name":"Hungama","Release Date":"1 Aug 2003","Screens":"210","Nett Gross":"80,00,000"},{"Name":"Armaan","Release Date":"16 May 2003","Screens":"195","Nett Gross":"75,00,000"},{"Name":"Khushi","Release Date":"7 Feb 2003","Screens":"225","Nett Gross":"74,00,000"},{"Name":"Parwana","Release Date":"12 Sep 2003","Screens":"225","Nett Gross":"74,00,000"},{"Name":"Out Of Control","Release Date":"21 Nov 2003","Screens":"250","Nett Gross":"72,00,000"},{"Name":"Kuch Naa Kaho","Release Date":"5 Sep 2003","Screens":"220","Nett Gross":"71,00,000"},{"Name":"Kucch Toh Hai","Release Date":"24 Jan 2003","Screens":"205","Nett Gross":"70,00,000"},{"Name":"Jism","Release Date":"17 Jan 2003","Screens":"200","Nett Gross":"67,00,000"},{"Name":"Footpath","Release Date":"15 Aug 2003","Screens":"240","Nett Gross":"62,00,000"},{"Name":"Ishq Vishk","Release Date":"9 May 2003","Screens":"155","Nett Gross":"58,00,000"},{"Name":"Dil Ka Rishta","Release Date":"17 Jan 2003","Screens":"200","Nett Gross":"56,00,000"},{"Name":"Hawa","Release Date":"4 Jul 2003","Screens":"230","Nett Gross":"54,00,000"},{"Name":"Dum","Release Date":"24 Jan 2003","Screens":"250","Nett Gross":"53,00,000"},{"Name":"Mumbai Se Aaya Mera Dost","Release Date":"22 Aug 2003","Screens":"200","Nett Gross":"52,00,000"},{"Name":"Chori Chori","Release Date":"1 Aug 2003","Screens":"175","Nett Gross":"48,00,000"},{"Name":"Saaya","Release Date":"4 Jul 2003","Screens":"140","Nett Gross":"47,00,000"},{"Name":"Sssshhh","Release Date":"24 Oct 2003","Screens":"150","Nett Gross":"46,00,000"},{"Name":"Calcutta Mail","Release Date":"5 Sep 2003","Screens":"125","Nett Gross":"45,00,000"},{"Name":"Supari","Release Date":"20 Jun 2003","Screens":"160","Nett Gross":"45,00,000"},{"Name":"Baaz - A Bird in Danger","Release Date":"7 Feb 2003","Screens":"185","Nett Gross":"43,00,000"},{"Name":"Chura Liyaa Hai Tumne","Release Date":"21 Mar 2003","Screens":"175","Nett Gross":"41,00,000"},{"Name":"Pinjar","Release Date":"24 Oct 2003","Screens":"140","Nett Gross":"39,00,000"},{"Name":"Nayee Padosan","Release Date":"6 Jun 2003","Screens":"115","Nett Gross":"36,00,000"},{"Name":"Khwahish","Release Date":"6 Jun 2003","Screens":"125","Nett Gross":"35,00,000"},{"Name":"Inteha","Release Date":"24 Oct 2003","Screens":"160","Nett Gross":"34,00,000"},{"Name":"Dil Pardesi Ho Gayaa","Release Date":"12 Dec 2003","Screens":"130","Nett Gross":"33,00,000"},{"Name":"Jajantaram Mamantaram","Release Date":"30 May 2003","Screens":"130","Nett Gross":"32,00,000"},{"Name":"Fun2shh...","Release Date":"19 Dec 2003","Screens":"150","Nett Gross":"32,00,000"},{"Name":"Market","Release Date":"12 Sep 2003","Screens":"120","Nett Gross":"32,00,000"},{"Name":"Main Hoon Na","Release Date":"30 Apr 2004","Screens":"550","Nett Gross":"2,72,00,000"},{"Name":"Veer Zaara","Release Date":"12 Nov 2004","Screens":"625","Nett Gross":"2,46,00,000"},{"Name":"Mujhse Shaadi Karogi","Release Date":"30 Jul 2004","Screens":"550","Nett Gross":"2,45,00,000"},{"Name":"Lakshya","Release Date":"18 Jun 2004","Screens":"475","Nett Gross":"2,30,00,000"},{"Name":"Khakee","Release Date":"23 Jan 2004","Screens":"525","Nett Gross":"2,05,00,000"},{"Name":"Garv - Pride & Honour","Release Date":"9 Jul 2004","Screens":"425","Nett Gross":"1,92,00,000"},{"Name":"Dhoom","Release Date":"27 Aug 2004","Screens":"325","Nett Gross":"1,85,00,000"},{"Name":"Masti","Release Date":"9 Apr 2004","Screens":"375","Nett Gross":"1,80,00,000"},{"Name":"Deewaar - Let's Bring Our Heroes Home","Release Date":"25 Jun 2004","Screens":"450","Nett Gross":"1,72,00,000"},{"Name":"Musafir","Release Date":"10 Dec 2004","Screens":"400","Nett Gross":"1,70,00,000"},{"Name":"Swades","Release Date":"17 Dec 2004","Screens":"350","Nett Gross":"1,63,00,000"},{"Name":"Ab Tumhare Hawale Watan Saathiyo","Release Date":"24 Dec 2004","Screens":"425","Nett Gross":"1,63,00,000"},{"Name":"Yuva","Release Date":"21 May 2004","Screens":"350","Nett Gross":"1,61,00,000"},{"Name":"Fida","Release Date":"20 Aug 2004","Screens":"325","Nett Gross":"1,60,00,000"},{"Name":"Hulchul","Release Date":"26 Nov 2004","Screens":"350","Nett Gross":"1,50,00,000"},{"Name":"Aan - Men at Work","Release Date":"4 Jun 2004","Screens":"400","Nett Gross":"1,40,00,000"},{"Name":"Gayab","Release Date":"16 Jul 2004","Screens":"250","Nett Gross":"1,38,00,000"},{"Name":"Kyun! Ho Gaya Na....","Release Date":"13 Aug 2004","Screens":"255","Nett Gross":"1,27,00,000"},{"Name":"Hum Tum","Release Date":"28 May 2004","Screens":"225","Nett Gross":"1,23,00,000"},{"Name":"Rudraksh","Release Date":"13 Feb 2004","Screens":"375","Nett Gross":"1,22,00,000"},{"Name":"Rakht","Release Date":"3 Sep 2004","Screens":"325","Nett Gross":"1,19,00,000"},{"Name":"Aitraaz","Release Date":"12 Nov 2004","Screens":"375","Nett Gross":"1,18,00,000"},{"Name":"Dev","Release Date":"11 Jun 2004","Screens":"275","Nett Gross":"1,15,00,000"},{"Name":"Plan","Release Date":"9 Jan 2004","Screens":"350","Nett Gross":"1,13,00,000"},{"Name":"Dil Ne Jise Apna Kahaa","Release Date":"10 Sep 2004","Screens":"325","Nett Gross":"1,09,00,000"},{"Name":"Julie","Release Date":"23 Jul 2004","Screens":"270","Nett Gross":"1,08,00,000"},{"Name":"Murder","Release Date":"2 Apr 2004","Screens":"215","Nett Gross":"1,03,00,000"},{"Name":"Lakeer","Release Date":"14 May 2004","Screens":"350","Nett Gross":"95,00,000"},{"Name":"Vaastu Shastra","Release Date":"22 Oct 2004","Screens":"235","Nett Gross":"92,00,000"},{"Name":"Dil Maange More","Release Date":"31 Dec 2004","Screens":"225","Nett Gross":"85,00,000"},{"Name":"Run","Release Date":"14 May 2004","Screens":"290","Nett Gross":"76,00,000"},{"Name":"Kismat","Release Date":"20 Feb 2004","Screens":"300","Nett Gross":"69,00,000"},{"Name":"Ab Tak Chhappan","Release Date":"27 Feb 2004","Screens":"230","Nett Gross":"68,00,000"},{"Name":"Aetbaar","Release Date":"23 Jan 2004","Screens":"275","Nett Gross":"67,00,000"},{"Name":"Taarzan - The Wonder Car","Release Date":"6 Aug 2004","Screens":"250","Nett Gross":"67,00,000"},{"Name":"Krishna Cottage","Release Date":"16 Apr 2004","Screens":"190","Nett Gross":"66,00,000"},{"Name":"Ek Hasina Thi","Release Date":"16 Jan 2004","Screens":"180","Nett Gross":"62,00,000"},{"Name":"Asambhav","Release Date":"23 Jul 2004","Screens":"260","Nett Gross":"62,00,000"},{"Name":"Tumsa Nahin Dekha","Release Date":"24 Sep 2004","Screens":"225","Nett Gross":"54,00,000"},{"Name":"Bardaasht","Release Date":"23 Apr 2004","Screens":"280","Nett Gross":"53,00,000"},{"Name":"Madhoshi","Release Date":"24 Sep 2004","Screens":"210","Nett Gross":"50,00,000"},{"Name":"I Proud To Be An Indian","Release Date":"13 Feb 2004","Screens":"200","Nett Gross":"49,00,000"},{"Name":"Ek Se Badhkar Ek","Release Date":"17 Sep 2004","Screens":"200","Nett Gross":"47,00,000"},{"Name":"Paap","Release Date":"30 Jan 2004","Screens":"150","Nett Gross":"46,00,000"},{"Name":"Girlfriend","Release Date":"11 Jun 2004","Screens":"160","Nett Gross":"44,00,000"},{"Name":"Chameli","Release Date":"9 Jan 2004","Screens":"150","Nett Gross":"44,00,000"},{"Name":"Naach","Release Date":"12 Nov 2004","Screens":"275","Nett Gross":"42,00,000"},{"Name":"Tauba Tauba","Release Date":"1 Oct 2004","Screens":"140","Nett Gross":"42,00,000"},{"Name":"Charas - A Joint Effort","Release Date":"7 May 2004","Screens":"150","Nett Gross":"38,00,000"},{"Name":"Tum - A Dangerous Obsession","Release Date":"20 Feb 2004","Screens":"140","Nett Gross":"34,00,000"},{"Name":"Mangal Pandey - The Rising","Release Date":"12 Aug 2005","Screens":"675","Nett Gross":"3,24,00,000"},{"Name":"Garam Masala","Release Date":"2 Nov 2005","Screens":"550","Nett Gross":"3,02,00,000"},{"Name":"Dus","Release Date":"8 Jul 2005","Screens":"525","Nett Gross":"2,92,00,000"},{"Name":"Bunty Aur Babli","Release Date":"27 May 2005","Screens":"475","Nett Gross":"2,91,00,000"},{"Name":"Kaal","Release Date":"29 Apr 2005","Screens":"450","Nett Gross":"2,71,00,000"},{"Name":"Sarkar","Release Date":"1 Jul 2005","Screens":"425","Nett Gross":"2,43,00,000"},{"Name":"Maine Pyaar Kyun Kiya?","Release Date":"15 Jul 2005","Screens":"450","Nett Gross":"2,40,00,000"},{"Name":"Lucky - No Time for Love","Release Date":"1 Apr 2005","Screens":"400","Nett Gross":"2,32,00,000"},{"Name":"Deewane Huye Paagal","Release Date":"25 Nov 2005","Screens":"500","Nett Gross":"2,24,00,000"},{"Name":"Salaam Namaste","Release Date":"9 Sep 2005","Screens":"325","Nett Gross":"2,15,00,000"},{"Name":"Paheli","Release Date":"24 Jun 2005","Screens":"350","Nett Gross":"2,02,00,000"},{"Name":"Bewafaa","Release Date":"25 Feb 2005","Screens":"450","Nett Gross":"1,93,00,000"},{"Name":"Kyon Ki","Release Date":"3 Nov 2005","Screens":"475","Nett Gross":"1,92,00,000"},{"Name":"Waqt - The Race Against Time","Release Date":"22 Apr 2005","Screens":"400","Nett Gross":"1,91,00,000"},{"Name":"Apaharan","Release Date":"2 Dec 2005","Screens":"425","Nett Gross":"1,90,00,000"},{"Name":"Shaadi No. 1","Release Date":"3 Nov 2005","Screens":"425","Nett Gross":"1,82,00,000"},{"Name":"No Entry","Release Date":"26 Aug 2005","Screens":"600","Nett Gross":"1,72,00,000"},{"Name":"Bluffmaster","Release Date":"16 Dec 2005","Screens":"350","Nett Gross":"1,60,00,000"},{"Name":"Jo Bole So Nihaal","Release Date":"13 May 2005","Screens":"400","Nett Gross":"1,60,00,000"},{"Name":"Barsaat","Release Date":"19 Aug 2005","Screens":"375","Nett Gross":"1,59,00,000"},{"Name":"Kisna","Release Date":"21 Jan 2005","Screens":"400","Nett Gross":"1,49,00,000"},{"Name":"Dosti - Friends Forever","Release Date":"23 Dec 2005","Screens":"400","Nett Gross":"1,28,00,000"},{"Name":"Shikhar","Release Date":"30 Dec 2005","Screens":"350","Nett Gross":"1,21,00,000"},{"Name":"Viruddh... Family Comes First","Release Date":"22 Jul 2005","Screens":"260","Nett Gross":"1,17,00,000"},{"Name":"Elaan","Release Date":"14 Jan 2005","Screens":"375","Nett Gross":"1,16,00,000"},{"Name":"Parineeta","Release Date":"10 Jun 2005","Screens":"325","Nett Gross":"1,15,00,000"},{"Name":"Tango Charlie","Release Date":"25 Mar 2005","Screens":"325","Nett Gross":"1,15,00,000"},{"Name":"Ek Ajnabee","Release Date":"9 Dec 2005","Screens":"325","Nett Gross":"1,10,00,000"},{"Name":"Neal N Nikki","Release Date":"9 Dec 2005","Screens":"200","Nett Gross":"1,05,00,000"},{"Name":"Black","Release Date":"4 Feb 2005","Screens":"235","Nett Gross":"1,03,00,000"},{"Name":"D","Release Date":"3 Jun 2005","Screens":"250","Nett Gross":"1,00,00,000"},{"Name":"Ek Khiladi Ek Haseena","Release Date":"18 Nov 2005","Screens":"300","Nett Gross":"98,00,000"},{"Name":"Vaada","Release Date":"7 Jan 2005","Screens":"285","Nett Gross":"95,00,000"},{"Name":"Shabd","Release Date":"4 Feb 2005","Screens":"250","Nett Gross":"94,00,000"},{"Name":"Kyaa Kool Hai Hum","Release Date":"6 May 2005","Screens":"250","Nett Gross":"92,00,000"},{"Name":"Insan","Release Date":"14 Jan 2005","Screens":"350","Nett Gross":"92,00,000"},{"Name":"Vaah! Life Ho Toh Aisi!","Release Date":"23 Dec 2005","Screens":"325","Nett Gross":"86,00,000"},{"Name":"Chocolate","Release Date":"23 Sep 2005","Screens":"255","Nett Gross":"85,00,000"},{"Name":"Aashiq Banaye Aapne","Release Date":"2 Sep 2005","Screens":"225","Nett Gross":"85,00,000"},{"Name":"Blackmail","Release Date":"28 Jan 2005","Screens":"325","Nett Gross":"81,00,000"},{"Name":"Karam","Release Date":"11 Mar 2005","Screens":"225","Nett Gross":"77,00,000"},{"Name":"Jurm","Release Date":"18 Feb 2005","Screens":"275","Nett Gross":"76,00,000"},{"Name":"Mr Ya Miss","Release Date":"2 Dec 2005","Screens":"175","Nett Gross":"69,00,000"},{"Name":"Kalyug","Release Date":"9 Dec 2005","Screens":"225","Nett Gross":"68,00,000"},{"Name":"Naina","Release Date":"20 May 2005","Screens":"175","Nett Gross":"68,00,000"},{"Name":"Bachke Rehna Re Baba","Release Date":"17 Jun 2005","Screens":"225","Nett Gross":"64,00,000"},{"Name":"Zeher","Release Date":"25 Mar 2005","Screens":"275","Nett Gross":"64,00,000"},{"Name":"Main Aisa Hi Hoon","Release Date":"6 May 2005","Screens":"250","Nett Gross":"57,00,000"},{"Name":"Nazar","Release Date":"20 May 2005","Screens":"175","Nett Gross":"47,00,000"},{"Name":"Sheesha","Release Date":"11 Feb 2005","Screens":"200","Nett Gross":"45,00,000"},{"Name":"Krrish","Release Date":"23 Jun 2006","Screens":"950","Nett Gross":"6,00,00,000"},{"Name":"Dhoom 2","Release Date":"24 Nov 2006","Screens":"1000","Nett Gross":"5,85,00,000"},{"Name":"Kabhi Alvida Na Kehna","Release Date":"11 Aug 2006","Screens":"800","Nett Gross":"5,18,00,000"},{"Name":"Don - The Chase Begins Again","Release Date":"20 Oct 2006","Screens":"850","Nett Gross":"4,65,00,000"},{"Name":"Fanaa","Release Date":"26 May 2006","Screens":"650","Nett Gross":"3,96,00,000"},{"Name":"Bhagam Bhag","Release Date":"22 Dec 2006","Screens":"750","Nett Gross":"3,43,00,000"},{"Name":"Lage Raho Munnabhai","Release Date":"1 Sep 2006","Screens":"600","Nett Gross":"3,38,00,000"},{"Name":"Phir Hera Pheri","Release Date":"9 Jun 2006","Screens":"575","Nett Gross":"3,28,00,000"},{"Name":"Rang De Basanti","Release Date":"26 Jan 2006","Screens":"600","Nett Gross":"3,12,00,000"},{"Name":"Omkara","Release Date":"28 Jul 2006","Screens":"625","Nett Gross":"2,78,00,000"},{"Name":"36 China Town","Release Date":"5 May 2006","Screens":"450","Nett Gross":"2,57,00,000"},{"Name":"Jaan-E-Mann","Release Date":"20 Oct 2006","Screens":"700","Nett Gross":"2,43,00,000"},{"Name":"Golmaal - Fun Unlimited","Release Date":"14 Jul 2006","Screens":"600","Nett Gross":"2,32,00,000"},{"Name":"Baabul","Release Date":"8 Dec 2006","Screens":"675","Nett Gross":"2,23,00,000"},{"Name":"Apna Sapna Money Money","Release Date":"10 Nov 2006","Screens":"450","Nett Gross":"1,94,00,000"},{"Name":"Humko Deewana Kar Gaye","Release Date":"14 Apr 2006","Screens":"475","Nett Gross":"1,90,00,000"},{"Name":"Pyare Mohan","Release Date":"14 Apr 2006","Screens":"400","Nett Gross":"1,89,00,000"},{"Name":"Malamaal Weekly","Release Date":"10 Mar 2006","Screens":"300","Nett Gross":"1,73,00,000"},{"Name":"Taxi Number 9 2 11","Release Date":"24 Feb 2006","Screens":"400","Nett Gross":"1,61,00,000"},{"Name":"Umrao Jaan","Release Date":"3 Nov 2006","Screens":"500","Nett Gross":"1,52,00,000"},{"Name":"Shaadi Se Pehle","Release Date":"7 Apr 2006","Screens":"350","Nett Gross":"1,52,00,000"},{"Name":"Kabul Express","Release Date":"15 Dec 2006","Screens":"275","Nett Gross":"1,49,00,000"},{"Name":"Naksha","Release Date":"8 Sep 2006","Screens":"425","Nett Gross":"1,39,00,000"},{"Name":"Family - Ties of Blood","Release Date":"13 Jan 2006","Screens":"525","Nett Gross":"1,38,00,000"},{"Name":"Darna Zaroori Hai","Release Date":"28 Apr 2006","Screens":"325","Nett Gross":"1,34,00,000"},{"Name":"Anthony Kaun Hai?","Release Date":"4 Aug 2006","Screens":"300","Nett Gross":"1,31,00,000"},{"Name":"Zinda","Release Date":"13 Jan 2006","Screens":"400","Nett Gross":"1,30,00,000"},{"Name":"Chup Chup Ke","Release Date":"9 Jun 2006","Screens":"350","Nett Gross":"1,28,00,000"},{"Name":"Aap Ki Khatir","Release Date":"25 Aug 2006","Screens":"350","Nett Gross":"1,24,00,000"},{"Name":"Tom Dick and Harry","Release Date":"12 May 2006","Screens":"275","Nett Gross":"1,19,00,000"},{"Name":"Corporate","Release Date":"7 Jul 2006","Screens":"250","Nett Gross":"1,17,00,000"},{"Name":"Gangster - A Love Story","Release Date":"28 Apr 2006","Screens":"300","Nett Gross":"1,07,00,000"},{"Name":"Fight Club","Release Date":"17 Feb 2006","Screens":"375","Nett Gross":"1,00,00,000"},{"Name":"The Killer","Release Date":"21 Jul 2006","Screens":"250","Nett Gross":"99,00,000"},{"Name":"Aksar","Release Date":"3 Feb 2006","Screens":"325","Nett Gross":"95,00,000"},{"Name":"Jawani Diwani - A Youtful Joyride","Release Date":"6 Jan 2006","Screens":"275","Nett Gross":"94,00,000"},{"Name":"Vivah","Release Date":"10 Nov 2006","Screens":"200","Nett Gross":"83,00,000"},{"Name":"Woh Lamhe","Release Date":"29 Sep 2006","Screens":"275","Nett Gross":"82,00,000"},{"Name":"Saawan... The Love Season","Release Date":"7 Apr 2006","Screens":"275","Nett Gross":"80,00,000"},{"Name":"Pyaar Ke Side Effects","Release Date":"22 Sep 2006","Screens":"225","Nett Gross":"72,00,000"},{"Name":"Teesri Aankh - The Hidden Camera","Release Date":"3 Mar 2006","Screens":"400","Nett Gross":"70,00,000"},{"Name":"Shiva","Release Date":"15 Nov 2006","Screens":"225","Nett Gross":"56,00,000"},{"Name":"Dil Diya Hai","Release Date":"8 Sep 2006","Screens":"225","Nett Gross":"51,00,000"},{"Name":"Tathastu","Release Date":"12 May 2006","Screens":"250","Nett Gross":"43,00,000"},{"Name":"Shaadi Karke Phas Gaya Yaar","Release Date":"4 Aug 2006","Screens":"200","Nett Gross":"42,00,000"},{"Name":"Rocky","Release Date":"22 Sep 2006","Screens":"225","Nett Gross":"41,00,000"},{"Name":"Mere Jeevan Saathi","Release Date":"3 Feb 2006","Screens":"250","Nett Gross":"40,00,000"},{"Name":"Zindaggi Rocks","Release Date":"6 Oct 2006","Screens":"200","Nett Gross":"39,00,000"},{"Name":"Being Cyrus","Release Date":"24 Mar 2006","Screens":"80","Nett Gross":"38,00,000"},{"Name":"Darwaza Bandh Rakho","Release Date":"4 Aug 2006","Screens":"175","Nett Gross":"36,00,000"},{"Name":"Om Shanti Om","Release Date":"9 Nov 2007","Screens":"1200","Nett Gross":"5,53,00,000"},{"Name":"Partner","Release Date":"20 Jul 2007","Screens":"1100","Nett Gross":"5,38,00,000"},{"Name":"Heyy Babyy","Release Date":"24 Aug 2007","Screens":"1000","Nett Gross":"4,77,00,000"},{"Name":"Jhoom Barabar Jhoom","Release Date":"15 Jun 2007","Screens":"950","Nett Gross":"4,47,00,000"},{"Name":"Salaam-E-Ishq","Release Date":"26 Jan 2007","Screens":"900","Nett Gross":"4,19,00,000"},{"Name":"Bhool Bhulaiyaa","Release Date":"12 Oct 2007","Screens":"1050","Nett Gross":"3,88,00,000"},{"Name":"Cash","Release Date":"3 Aug 2007","Screens":"1000","Nett Gross":"3,73,00,000"},{"Name":"Ta Ra Rum Pum","Release Date":"27 Apr 2007","Screens":"725","Nett Gross":"3,66,00,000"},{"Name":"Shootout At Lokhandwala","Release Date":"25 May 2007","Screens":"800","Nett Gross":"3,46,00,000"},{"Name":"Guru","Release Date":"12 Jan 2007","Screens":"650","Nett Gross":"3,37,00,000"},{"Name":"Welcome","Release Date":"21 Dec 2007","Screens":"1250","Nett Gross":"3,32,00,000"},{"Name":"Eklavya - The Royal Guard","Release Date":"16 Feb 2007","Screens":"750","Nett Gross":"3,19,00,000"},{"Name":"Chak De India","Release Date":"10 Aug 2007","Screens":"500","Nett Gross":"3,07,00,000"},{"Name":"Saawariya","Release Date":"9 Nov 2007","Screens":"850","Nett Gross":"3,00,00,000"},{"Name":"Namastey London","Release Date":"23 Mar 2007","Screens":"775","Nett Gross":"2,83,00,000"},{"Name":"Fool N Final","Release Date":"1 Jun 2007","Screens":"850","Nett Gross":"2,63,00,000"},{"Name":"Taare Zameen Par","Release Date":"21 Dec 2007","Screens":"500","Nett Gross":"2,62,00,000"},{"Name":"Dhamaal","Release Date":"7 Sep 2007","Screens":"800","Nett Gross":"2,38,00,000"},{"Name":"Naqaab","Release Date":"13 Jul 2007","Screens":"825","Nett Gross":"2,31,00,000"},{"Name":"Dhan Dhana Dhan Goal","Release Date":"23 Nov 2007","Screens":"650","Nett Gross":"2,05,00,000"},{"Name":"Laaga Chunari Mein Daag","Release Date":"12 Oct 2007","Screens":"750","Nett Gross":"2,02,00,000"},{"Name":"Apne","Release Date":"29 Jun 2007","Screens":"625","Nett Gross":"1,89,00,000"},{"Name":"Aaja Nachle","Release Date":"30 Nov 2007","Screens":"600","Nett Gross":"1,85,00,000"},{"Name":"Aap Kaa Surroor","Release Date":"29 Jun 2007","Screens":"550","Nett Gross":"1,79,00,000"},{"Name":"Jab We Met","Release Date":"26 Oct 2007","Screens":"475","Nett Gross":"1,75,00,000"},{"Name":"Dhol","Release Date":"21 Sep 2007","Screens":"650","Nett Gross":"1,72,00,000"},{"Name":"Ram Gopal Varma Ki Aag","Release Date":"31 Aug 2007","Screens":"875","Nett Gross":"1,72,00,000"},{"Name":"Shaka Laka Boom Boom","Release Date":"6 Apr 2007","Screens":"425","Nett Gross":"1,29,00,000"},{"Name":"Dus Kahaniyaan","Release Date":"7 Dec 2007","Screens":"450","Nett Gross":"1,20,00,000"},{"Name":"Honeymoon Travels Pvt. Ltd.","Release Date":"23 Feb 2007","Screens":"350","Nett Gross":"1,17,00,000"},{"Name":"Nishabd","Release Date":"2 Mar 2007","Screens":"400","Nett Gross":"1,15,00,000"},{"Name":"Traffic Signal","Release Date":"2 Feb 2007","Screens":"325","Nett Gross":"1,04,00,000"},{"Name":"Cheeni Kum","Release Date":"25 May 2007","Screens":"250","Nett Gross":"1,00,00,000"},{"Name":"Good Boy Bad Boy","Release Date":"11 May 2007","Screens":"525","Nett Gross":"97,00,000"},{"Name":"The Train","Release Date":"8 Jun 2007","Screens":"325","Nett Gross":"96,00,000"},{"Name":"Hattrick","Release Date":"16 Mar 2007","Screens":"400","Nett Gross":"93,00,000"},{"Name":"Life In A Metro","Release Date":"11 May 2007","Screens":"225","Nett Gross":"87,00,000"},{"Name":"Big Brother","Release Date":"13 Apr 2007","Screens":"290","Nett Gross":"82,00,000"},{"Name":"Awarapan","Release Date":"29 Jun 2007","Screens":"375","Nett Gross":"79,00,000"},{"Name":"Red - The Dark Side","Release Date":"9 Mar 2007","Screens":"275","Nett Gross":"75,00,000"},{"Name":"Nehlle Pe Dehlla","Release Date":"2 Mar 2007","Screens":"300","Nett Gross":"67,00,000"},{"Name":"Buddha Mar Gaya","Release Date":"17 Aug 2007","Screens":"285","Nett Gross":"62,00,000"},{"Name":"Kya Love Story Hai","Release Date":"20 Apr 2007","Screens":"425","Nett Gross":"60,00,000"},{"Name":"Darling","Release Date":"7 Sep 2007","Screens":"240","Nett Gross":"58,00,000"},{"Name":"Risk","Release Date":"19 Jan 2007","Screens":"300","Nett Gross":"55,00,000"},{"Name":"Johnny Gaddaar","Release Date":"28 Sep 2007","Screens":"300","Nett Gross":"54,00,000"},{"Name":"Kaafila","Release Date":"10 Aug 2007","Screens":"270","Nett Gross":"50,00,000"},{"Name":"Black Friday","Release Date":"9 Feb 2007","Screens":"160","Nett Gross":"47,00,000"},{"Name":"Gandhi My Father","Release Date":"3 Aug 2007","Screens":"180","Nett Gross":"46,00,000"},{"Name":"No Smoking","Release Date":"26 Oct 2007","Screens":"225","Nett Gross":"41,00,000"},{"Name":"Ghajini","Release Date":"25 Dec 2008","Screens":"1550","Nett Gross":"9,05,00,000"},{"Name":"Singh Is Kinng","Release Date":"8 Aug 2008","Screens":"1400","Nett Gross":"7,24,00,000"},{"Name":"Rab Ne Bana Di Jodi","Release Date":"12 Dec 2008","Screens":"1350","Nett Gross":"6,76,00,000"},{"Name":"Race","Release Date":"21 Mar 2008","Screens":"1300","Nett Gross":"6,32,00,000"},{"Name":"Golmaal Returns","Release Date":"29 Oct 2008","Screens":"1250","Nett Gross":"5,89,00,000"},{"Name":"Dostana","Release Date":"14 Nov 2008","Screens":"1000","Nett Gross":"5,29,00,000"},{"Name":"Sarkar Raj","Release Date":"6 Jun 2008","Screens":"1100","Nett Gross":"4,97,00,000"},{"Name":"Kidnap","Release Date":"2 Oct 2008","Screens":"875","Nett Gross":"4,88,00,000"},{"Name":"Bachna Ae Haseeno","Release Date":"15 Aug 2008","Screens":"800","Nett Gross":"4,87,00,000"},{"Name":"Tashan","Release Date":"25 Apr 2008","Screens":"950","Nett Gross":"3,92,00,000"},{"Name":"Jodhaa Akbar","Release Date":"15 Feb 2008","Screens":"1000","Nett Gross":"3,81,00,000"},{"Name":"Jaane Tu... Ya Jaane Na","Release Date":"4 Jul 2008","Screens":"600","Nett Gross":"3,45,00,000"},{"Name":"Kismat Konnection","Release Date":"18 Jul 2008","Screens":"850","Nett Gross":"3,41,00,000"},{"Name":"Thoda Pyaar Thoda Magic","Release Date":"27 Jun 2008","Screens":"750","Nett Gross":"3,34,00,000"},{"Name":"Yuvvraaj","Release Date":"21 Nov 2008","Screens":"1100","Nett Gross":"2,88,00,000"},{"Name":"Mere Baap Pehle Aap","Release Date":"13 Jun 2008","Screens":"800","Nett Gross":"2,77,00,000"},{"Name":"Krazzy 4","Release Date":"11 Apr 2008","Screens":"800","Nett Gross":"2,73,00,000"},{"Name":"Jannat","Release Date":"16 May 2008","Screens":"825","Nett Gross":"2,64,00,000"},{"Name":"Bhoothnath","Release Date":"9 May 2008","Screens":"625","Nett Gross":"2,45,00,000"},{"Name":"Fashion","Release Date":"29 Oct 2008","Screens":"750","Nett Gross":"2,44,00,000"},{"Name":"God Tussi Great Ho","Release Date":"15 Aug 2008","Screens":"775","Nett Gross":"2,43,00,000"},{"Name":"Sunday","Release Date":"25 Jan 2008","Screens":"900","Nett Gross":"2,31,00,000"},{"Name":"U Me Aur Hum","Release Date":"11 Apr 2008","Screens":"600","Nett Gross":"2,21,00,000"},{"Name":"One Two Three","Release Date":"28 Mar 2008","Screens":"575","Nett Gross":"2,15,00,000"},{"Name":"Heroes","Release Date":"24 Oct 2008","Screens":"725","Nett Gross":"2,09,00,000"},{"Name":"Karzzzz","Release Date":"17 Oct 2008","Screens":"900","Nett Gross":"2,05,00,000"},{"Name":"Love Story 2050","Release Date":"4 Jul 2008","Screens":"900","Nett Gross":"2,03,00,000"},{"Name":"Hello","Release Date":"10 Oct 2008","Screens":"650","Nett Gross":"1,97,00,000"},{"Name":"Halla Bol","Release Date":"11 Jan 2008","Screens":"925","Nett Gross":"1,87,00,000"},{"Name":"Drona","Release Date":"2 Oct 2008","Screens":"750","Nett Gross":"1,79,00,000"},{"Name":"Rock On!!","Release Date":"29 Aug 2008","Screens":"400","Nett Gross":"1,66,00,000"},{"Name":"De Taali","Release Date":"20 Jun 2008","Screens":"475","Nett Gross":"1,50,00,000"},{"Name":"Phoonk","Release Date":"22 Aug 2008","Screens":"400","Nett Gross":"1,35,00,000"},{"Name":"Ugly Aur Pagli","Release Date":"1 Aug 2008","Screens":"400","Nett Gross":"1,32,00,000"},{"Name":"Mission Istaanbul","Release Date":"25 Jul 2008","Screens":"700","Nett Gross":"1,18,00,000"},{"Name":"Welcome to Sajjanpur","Release Date":"20 Sep 2008","Screens":"450","Nett Gross":"1,13,00,000"},{"Name":"EMI","Release Date":"7 Nov 2008","Screens":"550","Nett Gross":"1,03,00,000"},{"Name":"Bhram","Release Date":"5 Apr 2008","Screens":"250","Nett Gross":"90,00,000"},{"Name":"1920","Release Date":"12 Sep 2008","Screens":"525","Nett Gross":"89,00,000"},{"Name":"C Kkompany","Release Date":"29 Aug 2008","Screens":"500","Nett Gross":"73,00,000"},{"Name":"Oye Lucky! Lucky Oye!","Release Date":"28 Nov 2008","Screens":"400","Nett Gross":"70,00,000"},{"Name":"Money Hai Toh Honey Hai","Release Date":"25 Jul 2008","Screens":"525","Nett Gross":"69,00,000"},{"Name":"Roadside Romeo","Release Date":"24 Oct 2008","Screens":"300","Nett Gross":"66,00,000"},{"Name":"Dil Kabaddi","Release Date":"5 Dec 2008","Screens":"325","Nett Gross":"60,00,000"},{"Name":"Contract","Release Date":"18 Jul 2008","Screens":"350","Nett Gross":"58,00,000"},{"Name":"Mr. White Mr. Black","Release Date":"2 May 2008","Screens":"450","Nett Gross":"55,00,000"},{"Name":"Black & White","Release Date":"7 Mar 2008","Screens":"350","Nett Gross":"55,00,000"},{"Name":"Mithya","Release Date":"8 Feb 2008","Screens":"200","Nett Gross":"48,00,000"},{"Name":"Superstar","Release Date":"8 Feb 2008","Screens":"375","Nett Gross":"46,00,000"},{"Name":"Hijack","Release Date":"5 Sep 2008","Screens":"375","Nett Gross":"45,00,000"},{"Name":"3 Idiots","Release Date":"24 Dec 2009","Screens":"1750","Nett Gross":"12,98,00,000"},{"Name":"Love Aaj Kal","Release Date":"31 Jul 2009","Screens":"1350","Nett Gross":"8,02,00,000"},{"Name":"Kambakkht Ishq","Release Date":"3 Jul 2009","Screens":"1500","Nett Gross":"7,42,00,000"},{"Name":"Ajab Prem Ki Ghazab Kahani","Release Date":"6 Nov 2009","Screens":"1300","Nett Gross":"6,64,00,000"},{"Name":"De Dana Dan","Release Date":"27 Nov 2009","Screens":"1550","Nett Gross":"6,13,00,000"},{"Name":"Blue","Release Date":"16 Oct 2009","Screens":"1500","Nett Gross":"5,83,00,000"},{"Name":"New York","Release Date":"26 Jun 2009","Screens":"1200","Nett Gross":"5,62,00,000"},{"Name":"Chandni Chowk To China","Release Date":"16 Jan 2009","Screens":"1400","Nett Gross":"5,57,00,000"},{"Name":"Wanted","Release Date":"18 Sep 2009","Screens":"1400","Nett Gross":"5,10,00,000"},{"Name":"London Dreams","Release Date":"30 Oct 2009","Screens":"1450","Nett Gross":"4,95,00,000"},{"Name":"Delhi 6","Release Date":"20 Feb 2009","Screens":"1100","Nett Gross":"4,77,00,000"},{"Name":"Kaminey","Release Date":"14 Aug 2009","Screens":"1250","Nett Gross":"4,39,00,000"},{"Name":"Kurbaan","Release Date":"20 Nov 2009","Screens":"1250","Nett Gross":"4,02,00,000"},{"Name":"Raaz - The Mystery Continues","Release Date":"23 Jan 2009","Screens":"1150","Nett Gross":"3,95,00,000"},{"Name":"Billu","Release Date":"13 Feb 2009","Screens":"1050","Nett Gross":"3,78,00,000"},{"Name":"Luck","Release Date":"24 Jul 2009","Screens":"1150","Nett Gross":"3,71,00,000"},{"Name":"Wake Up Sid","Release Date":"2 Oct 2009","Screens":"500","Nett Gross":"3,66,00,000"},{"Name":"Do Knot Disturb","Release Date":"2 Oct 2009","Screens":"1000","Nett Gross":"3,63,00,000"},{"Name":"Rocket Singh: Salesman Of The Year","Release Date":"11 Dec 2009","Screens":"800","Nett Gross":"3,56,00,000"},{"Name":"Dil Bole Hadippa","Release Date":"18 Sep 2009","Screens":"950","Nett Gross":"3,42,00,000"},{"Name":"Tum Mile","Release Date":"13 Nov 2009","Screens":"675","Nett Gross":"2,21,00,000"},{"Name":"Paa","Release Date":"4 Dec 2009","Screens":"600","Nett Gross":"2,12,00,000"},{"Name":"8 x 10 Tasveer","Release Date":"3 Apr 2009","Screens":"825","Nett Gross":"1,89,00,000"},{"Name":"All The Best - Fun Begins","Release Date":"16 Oct 2009","Screens":"1300","Nett Gross":"1,82,00,000"},{"Name":"Luck By Chance","Release Date":"30 Jan 2009","Screens":"600","Nett Gross":"1,72,00,000"},{"Name":"Main Aurr Mrs. Khanna","Release Date":"16 Oct 2009","Screens":"750","Nett Gross":"1,64,00,000"},{"Name":"What's Your Raashee","Release Date":"25 Sep 2009","Screens":"725","Nett Gross":"1,61,00,000"},{"Name":"Life Partner","Release Date":"14 Aug 2009","Screens":"900","Nett Gross":"1,58,00,000"},{"Name":"Short Kut - The Con Is On","Release Date":"10 Jul 2009","Screens":"775","Nett Gross":"1,37,00,000"},{"Name":"Dev D","Release Date":"6 Feb 2009","Screens":"525","Nett Gross":"1,34,00,000"},{"Name":"Agyaat","Release Date":"7 Aug 2009","Screens":"700","Nett Gross":"1,23,00,000"},{"Name":"Aladin","Release Date":"30 Oct 2009","Screens":"600","Nett Gross":"1,21,00,000"},{"Name":"Jail","Release Date":"6 Nov 2009","Screens":"575","Nett Gross":"1,21,00,000"},{"Name":"Kal Kissne Dekha","Release Date":"12 Jun 2009","Screens":"475","Nett Gross":"1,03,00,000"},{"Name":"Paying Guests","Release Date":"19 Jun 2009","Screens":"450","Nett Gross":"1,00,00,000"},{"Name":"Ek - The Power Of One","Release Date":"27 Mar 2009","Screens":"650","Nett Gross":"1,00,00,000"},{"Name":"13B","Release Date":"6 Mar 2009","Screens":"550","Nett Gross":"88,00,000"},{"Name":"Daddy Cool - Join The Fun","Release Date":"28 Aug 2009","Screens":"525","Nett Gross":"86,00,000"},{"Name":"Aa Dekhen Zara","Release Date":"27 Mar 2009","Screens":"450","Nett Gross":"85,00,000"},{"Name":"99","Release Date":"15 May 2009","Screens":"550","Nett Gross":"76,00,000"},{"Name":"Gulaal","Release Date":"13 Mar 2009","Screens":"425","Nett Gross":"75,00,000"},{"Name":"Acid Factory","Release Date":"9 Oct 2009","Screens":"850","Nett Gross":"61,00,000"},{"Name":"Jashnn","Release Date":"17 Jul 2009","Screens":"550","Nett Gross":"61,00,000"},{"Name":"Fox","Release Date":"4 Sep 2009","Screens":"475","Nett Gross":"59,00,000"},{"Name":"Jai Veeru","Release Date":"13 Mar 2009","Screens":"475","Nett Gross":"59,00,000"},{"Name":"Aloo Chaat","Release Date":"20 Mar 2009","Screens":"400","Nett Gross":"56,00,000"},{"Name":"Aagey Se Right","Release Date":"4 Sep 2009","Screens":"375","Nett Gross":"52,00,000"},{"Name":"Kisaan","Release Date":"28 Aug 2009","Screens":"525","Nett Gross":"34,00,000"},{"Name":"Teree Sang","Release Date":"7 Aug 2009","Screens":"300","Nett Gross":"31,00,000"},{"Name":"Team - The Force","Release Date":"5 Jun 2009","Screens":"325","Nett Gross":"29,00,000"},{"Name":"Dabangg","Release Date":"10 Sep 2010","Screens":"1850","Nett Gross":"14,55,00,000"},{"Name":"Tees Maar Khan","Release Date":"24 Dec 2010","Screens":"2050","Nett Gross":"12,68,00,000"},{"Name":"Raajneeti","Release Date":"4 Jun 2010","Screens":"1750","Nett Gross":"10,33,00,000"},{"Name":"Kites","Release Date":"20 May 2010","Screens":"1800","Nett Gross":"10,08,00,000"},{"Name":"Housefull","Release Date":"30 Apr 2010","Screens":"1700","Nett Gross":"9,32,00,000"},{"Name":"Golmaal 3","Release Date":"5 Nov 2010","Screens":"1700","Nett Gross":"8,36,00,000"},{"Name":"My Name Is Khan","Release Date":"12 Feb 2010","Screens":"1650","Nett Gross":"8,16,00,000"},{"Name":"Khatta Meetha","Release Date":"23 Jul 2010","Screens":"1450","Nett Gross":"6,86,00,000"},{"Name":"Veer","Release Date":"22 Jan 2010","Screens":"1600","Nett Gross":"6,85,00,000"},{"Name":"I Hate Luv Storys","Release Date":"2 Jul 2010","Screens":"1050","Nett Gross":"6,77,00,000"},{"Name":"Anjaana Anjaani","Release Date":"1 Oct 2010","Screens":"1250","Nett Gross":"6,43,00,000"},{"Name":"Once Upon A Time In Mumbaai","Release Date":"30 Jul 2010","Screens":"1400","Nett Gross":"5,88,00,000"},{"Name":"Raavan","Release Date":"18 Jun 2010","Screens":"1350","Nett Gross":"5,81,00,000"},{"Name":"No Problem","Release Date":"10 Dec 2010","Screens":"1350","Nett Gross":"4,21,00,000"},{"Name":"Peepli [Live]","Release Date":"13 Aug 2010","Screens":"825","Nett Gross":"4,11,00,000"},{"Name":"Guzaarish","Release Date":"19 Nov 2010","Screens":"1300","Nett Gross":"3,82,00,000"},{"Name":"Badmaash Company","Release Date":"7 May 2010","Screens":"1100","Nett Gross":"3,62,00,000"},{"Name":"Prince","Release Date":"9 Apr 2010","Screens":"1200","Nett Gross":"3,48,00,000"},{"Name":"Lafangey Parindey","Release Date":"20 Aug 2010","Screens":"950","Nett Gross":"3,31,00,000"},{"Name":"We Are Family","Release Date":"2 Sep 2010","Screens":"900","Nett Gross":"3,11,00,000"},{"Name":"Atithi Tum Kab Jaoge?","Release Date":"5 Mar 2010","Screens":"1050","Nett Gross":"2,87,00,000"},{"Name":"Action Replayy","Release Date":"5 Nov 2010","Screens":"1500","Nett Gross":"2,82,00,000"},{"Name":"Break Ke Baad","Release Date":"26 Nov 2010","Screens":"875","Nett Gross":"2,80,00,000"},{"Name":"Aisha","Release Date":"6 Aug 2010","Screens":"625","Nett Gross":"2,62,00,000"},{"Name":"Ishqiya","Release Date":"29 Jan 2010","Screens":"600","Nett Gross":"2,49,00,000"},{"Name":"Aakrosh","Release Date":"15 Oct 2010","Screens":"1200","Nett Gross":"2,42,00,000"},{"Name":"Crook","Release Date":"8 Oct 2010","Screens":"1050","Nett Gross":"2,15,00,000"},{"Name":"Chance Pe Dance","Release Date":"15 Jan 2010","Screens":"800","Nett Gross":"1,88,00,000"},{"Name":"Lamhaa","Release Date":"16 Jul 2010","Screens":"1000","Nett Gross":"1,77,00,000"},{"Name":"Jhoota Hi Sahi","Release Date":"22 Oct 2010","Screens":"650","Nett Gross":"1,41,00,000"},{"Name":"Rann","Release Date":"29 Jan 2010","Screens":"750","Nett Gross":"1,40,00,000"},{"Name":"Rakht Charitra","Release Date":"22 Oct 2010","Screens":"775","Nett Gross":"1,36,00,000"},{"Name":"Paathshaala","Release Date":"16 Apr 2010","Screens":"500","Nett Gross":"1,36,00,000"},{"Name":"Milenge Milenge","Release Date":"9 Jul 2010","Screens":"775","Nett Gross":"1,21,00,000"},{"Name":"Knock Out","Release Date":"15 Oct 2010","Screens":"800","Nett Gross":"1,18,00,000"},{"Name":"Love Sex Aur Dhokha","Release Date":"19 Mar 2010","Screens":"525","Nett Gross":"1,15,00,000"},{"Name":"Phoonk 2","Release Date":"16 Apr 2010","Screens":"675","Nett Gross":"1,14,00,000"},{"Name":"Shaapit","Release Date":"19 Mar 2010","Screens":"750","Nett Gross":"1,12,00,000"},{"Name":"Pyaar Impossible!","Release Date":"8 Jan 2010","Screens":"425","Nett Gross":"95,00,000"},{"Name":"Teen Patti","Release Date":"26 Feb 2010","Screens":"575","Nett Gross":"95,00,000"},{"Name":"Band Baaja Baaraat","Release Date":"10 Dec 2010","Screens":"675","Nett Gross":"95,00,000"},{"Name":"Khelein Hum Jee Jaan Sey","Release Date":"3 Dec 2010","Screens":"750","Nett Gross":"95,00,000"},{"Name":"Hisss","Release Date":"22 Oct 2010","Screens":"650","Nett Gross":"93,00,000"},{"Name":"Hum Tum Aur Ghost","Release Date":"26 Mar 2010","Screens":"450","Nett Gross":"82,00,000"},{"Name":"Tere Bin Laden","Release Date":"16 Jul 2010","Screens":"375","Nett Gross":"68,00,000"},{"Name":"Toh Baat Pakki","Release Date":"19 Feb 2010","Screens":"575","Nett Gross":"66,00,000"},{"Name":"Khichdi The Movie","Release Date":"1 Oct 2010","Screens":"400","Nett Gross":"63,00,000"},{"Name":"Dulha Mil Gaya","Release Date":"8 Jan 2010","Screens":"550","Nett Gross":"63,00,000"},{"Name":"Jaane Kahan Se Aayi Hai","Release Date":"9 Apr 2010","Screens":"425","Nett Gross":"60,00,000"},{"Name":"Rakht Charitra 2","Release Date":"4 Dec 2010","Screens":"650","Nett Gross":"55,00,000"},{"Name":"Bodyguard","Release Date":"31 Aug 2011","Screens":"2750","Nett Gross":"21,17,00,000"},{"Name":"Ra.One","Release Date":"26 Oct 2011","Screens":"2900","Nett Gross":"14,73,00,000"},{"Name":"Don 2","Release Date":"23 Dec 2011","Screens":"2850","Nett Gross":"14,60,00,000"},{"Name":"Ready","Release Date":"3 Jun 2011","Screens":"2200","Nett Gross":"13,33,00,000"},{"Name":"Rockstar","Release Date":"11 Nov 2011","Screens":"1950","Nett Gross":"9,92,00,000"},{"Name":"The Dirty Picture","Release Date":"2 Dec 2011","Screens":"1600","Nett Gross":"9,16,00,000"},{"Name":"Singham","Release Date":"22 Jul 2011","Screens":"2050","Nett Gross":"8,76,00,000"},{"Name":"Desi Boyz","Release Date":"25 Nov 2011","Screens":"2100","Nett Gross":"8,05,00,000"},{"Name":"Yamla Pagla Deewana","Release Date":"14 Jan 2011","Screens":"1550","Nett Gross":"7,64,00,000"},{"Name":"Double Dhamaal","Release Date":"24 Jun 2011","Screens":"1800","Nett Gross":"7,56,00,000"},{"Name":"Zindagi Na Milegi Dobara","Release Date":"15 Jul 2011","Screens":"1400","Nett Gross":"7,52,00,000"},{"Name":"Mere Brother Ki Dulhan","Release Date":"9 Sep 2011","Screens":"1650","Nett Gross":"7,18,00,000"},{"Name":"Rascals","Release Date":"6 Oct 2011","Screens":"1850","Nett Gross":"7,12,00,000"},{"Name":"Murder 2","Release Date":"8 Jul 2011","Screens":"1300","Nett Gross":"6,95,00,000"},{"Name":"Mausam","Release Date":"23 Sep 2011","Screens":"1750","Nett Gross":"6,67,00,000"},{"Name":"Delhi Belly","Release Date":"1 Jul 2011","Screens":"1250","Nett Gross":"6,08,00,000"},{"Name":"Dum Maaro Dum","Release Date":"22 Apr 2011","Screens":"1350","Nett Gross":"5,12,00,000"},{"Name":"Thank You","Release Date":"8 Apr 2011","Screens":"1800","Nett Gross":"4,95,00,000"},{"Name":"Force","Release Date":"30 Sep 2011","Screens":"1450","Nett Gross":"4,53,00,000"},{"Name":"Ladies vs Ricky Bahl","Release Date":"9 Dec 2011","Screens":"1150","Nett Gross":"4,53,00,000"},{"Name":"Aarakshan","Release Date":"12 Aug 2011","Screens":"1500","Nett Gross":"4,47,00,000"},{"Name":"F.A.L.T.U","Release Date":"1 Apr 2011","Screens":"1200","Nett Gross":"4,43,00,000"},{"Name":"Patiala House","Release Date":"11 Feb 2011","Screens":"1550","Nett Gross":"4,18,00,000"},{"Name":"Dil Toh Baccha Hai Ji","Release Date":"28 Jan 2011","Screens":"1350","Nett Gross":"3,94,00,000"},{"Name":"7 Khoon Maaf","Release Date":"18 Feb 2011","Screens":"975","Nett Gross":"3,31,00,000"},{"Name":"Tanu Weds Manu","Release Date":"25 Feb 2011","Screens":"850","Nett Gross":"3,29,00,000"},{"Name":"No One Killed Jessica","Release Date":"7 Jan 2011","Screens":"950","Nett Gross":"3,22,00,000"},{"Name":"Dhobi Ghat","Release Date":"21 Jan 2011","Screens":"600","Nett Gross":"2,78,00,000"},{"Name":"Haunted 3D","Release Date":"6 May 2011","Screens":"1100","Nett Gross":"2,22,00,000"},{"Name":"Bheja Fry 2","Release Date":"17 Jun 2011","Screens":"575","Nett Gross":"1,95,00,000"},{"Name":"Bbuddah Hoga Terra Baap","Release Date":"1 Jul 2011","Screens":"1000","Nett Gross":"1,91,00,000"},{"Name":"Game","Release Date":"1 Apr 2011","Screens":"1100","Nett Gross":"1,85,00,000"},{"Name":"Ragini MMS","Release Date":"13 May 2011","Screens":"650","Nett Gross":"1,50,00,000"},{"Name":"Yeh Saali Zindagi","Release Date":"4 Feb 2011","Screens":"650","Nett Gross":"1,21,00,000"},{"Name":"Chalo Dilli","Release Date":"29 Apr 2011","Screens":"725","Nett Gross":"1,08,00,000"},{"Name":"Pyaar Ka Punchnama","Release Date":"20 May 2011","Screens":"550","Nett Gross":"94,00,000"},{"Name":"Saheb Biwi Aur Gangster","Release Date":"30 Sep 2011","Screens":"525","Nett Gross":"92,00,000"},{"Name":"Shaitan","Release Date":"10 Jun 2011","Screens":"575","Nett Gross":"80,00,000"},{"Name":"Luv Ka The End","Release Date":"6 May 2011","Screens":"450","Nett Gross":"68,00,000"},{"Name":"Loot","Release Date":"4 Nov 2011","Screens":"625","Nett Gross":"65,00,000"},{"Name":"Always Kabhi Kabhi","Release Date":"17 Jun 2011","Screens":"450","Nett Gross":"63,00,000"},{"Name":"Shor In The City","Release Date":"29 Apr 2011","Screens":"500","Nett Gross":"54,00,000"},{"Name":"Chillar Party","Release Date":"8 Jul 2011","Screens":"325","Nett Gross":"53,00,000"},{"Name":"Kucch Luv Jaisa","Release Date":"27 May 2011","Screens":"400","Nett Gross":"48,00,000"},{"Name":"Chatur Singh Two Star","Release Date":"19 Aug 2011","Screens":"700","Nett Gross":"48,00,000"},{"Name":"Speedy Singhs","Release Date":"23 Sep 2011","Screens":"450","Nett Gross":"47,00,000"},{"Name":"Mujhse Fraaandship Karoge","Release Date":"14 Oct 2011","Screens":"500","Nett Gross":"46,00,000"},{"Name":"Teen Thay Bhai","Release Date":"15 Apr 2011","Screens":"500","Nett Gross":"40,00,000"},{"Name":"Phhir","Release Date":"12 Aug 2011","Screens":"550","Nett Gross":"36,00,000"},{"Name":"Bin Bulaye Baraati","Release Date":"17 Jun 2011","Screens":"500","Nett Gross":"34,00,000"},{"Name":"Ek Tha Tiger","Release Date":"15 Aug 2012","Screens":"3200","Nett Gross":"30,61,00,000"},{"Name":"Agneepath","Release Date":"26 Jan 2012","Screens":"2600","Nett Gross":"21,72,00,000"},{"Name":"Dabangg 2","Release Date":"21 Dec 2012","Screens":"3400","Nett Gross":"19,21,00,000"},{"Name":"Rowdy Rathore","Release Date":"1 Jun 2012","Screens":"2800","Nett Gross":"14,03,00,000"},{"Name":"Talaash","Release Date":"30 Nov 2012","Screens":"2550","Nett Gross":"12,78,00,000"},{"Name":"Jab Tak Hai Jaan","Release Date":"13 Nov 2012","Screens":"2450","Nett Gross":"12,61,00,000"},{"Name":"Housefull 2","Release Date":"6 Apr 2012","Screens":"2650","Nett Gross":"12,19,00,000"},{"Name":"Bol Bachchan","Release Date":"6 Jul 2012","Screens":"2500","Nett Gross":"11,43,00,000"},{"Name":"Cocktail","Release Date":"13 Jul 2012","Screens":"1600","Nett Gross":"10,47,00,000"},{"Name":"Raaz 3","Release Date":"7 Sep 2012","Screens":"2100","Nett Gross":"10,19,00,000"},{"Name":"Son Of Sardaar","Release Date":"13 Nov 2012","Screens":"2000","Nett Gross":"9,34,00,000"},{"Name":"Agent Vinod","Release Date":"23 Mar 2012","Screens":"2200","Nett Gross":"8,72,00,000"},{"Name":"Khiladi 786","Release Date":"7 Dec 2012","Screens":"2750","Nett Gross":"8,62,00,000"},{"Name":"Barfi!","Release Date":"14 Sep 2012","Screens":"1250","Nett Gross":"8,38,00,000"},{"Name":"Jannat 2","Release Date":"4 May 2012","Screens":"2050","Nett Gross":"8,17,00,000"},{"Name":"Student Of The Year","Release Date":"19 Oct 2012","Screens":"1350","Nett Gross":"7,52,00,000"},{"Name":"Jism 2","Release Date":"2 Aug 2012","Screens":"1700","Nett Gross":"7,46,00,000"},{"Name":"Heroine","Release Date":"21 Sep 2012","Screens":"2000","Nett Gross":"6,82,00,000"},{"Name":"Kyaa Super Kool Hain Hum","Release Date":"27 Jul 2012","Screens":"1400","Nett Gross":"6,71,00,000"},{"Name":"Ek Main Aur Ekk Tu","Release Date":"10 Feb 2012","Screens":"1250","Nett Gross":"5,27,00,000"},{"Name":"Teri Meri Kahaani","Release Date":"22 Jun 2012","Screens":"1450","Nett Gross":"4,82,00,000"},{"Name":"Joker","Release Date":"31 Aug 2012","Screens":"1950","Nett Gross":"4,66,00,000"},{"Name":"Players","Release Date":"6 Jan 2012","Screens":"1900","Nett Gross":"4,63,00,000"},{"Name":"Ishaqzaade","Release Date":"11 May 2012","Screens":"1100","Nett Gross":"4,49,00,000"},{"Name":"OMG! Oh My God","Release Date":"28 Sep 2012","Screens":"1200","Nett Gross":"3,94,00,000"},{"Name":"1920 - Evil Returns","Release Date":"2 Nov 2012","Screens":"1300","Nett Gross":"3,50,00,000"},{"Name":"Shanghai","Release Date":"8 Jun 2012","Screens":"975","Nett Gross":"3,34,00,000"},{"Name":"Tezz","Release Date":"27 Apr 2012","Screens":"1950","Nett Gross":"3,33,00,000"},{"Name":"Chakravyuh","Release Date":"24 Oct 2012","Screens":"1200","Nett Gross":"3,28,00,000"},{"Name":"Kahaani","Release Date":"9 Mar 2012","Screens":"1100","Nett Gross":"2,91,00,000"},{"Name":"Ferrari Ki Sawaari","Release Date":"15 Jun 2012","Screens":"875","Nett Gross":"2,90,00,000"},{"Name":"Gangs Of Wasseypur 1","Release Date":"22 Jun 2012","Screens":"1000","Nett Gross":"2,87,00,000"},{"Name":"Gangs Of Wasseypur 2","Release Date":"8 Aug 2012","Screens":"1000","Nett Gross":"2,72,00,000"},{"Name":"Department","Release Date":"18 May 2012","Screens":"1500","Nett Gross":"2,71,00,000"},{"Name":"English Vinglish","Release Date":"5 Oct 2012","Screens":"700","Nett Gross":"2,32,00,000"},{"Name":"Hate Story","Release Date":"20 Apr 2012","Screens":"1100","Nett Gross":"2,07,00,000"},{"Name":"Vicky Donor","Release Date":"20 Apr 2012","Screens":"575","Nett Gross":"1,97,00,000"},{"Name":"Tere Naal Love Ho Gaya","Release Date":"24 Feb 2012","Screens":"1200","Nett Gross":"1,74,00,000"},{"Name":"Blood Money","Release Date":"30 Mar 2012","Screens":"1150","Nett Gross":"1,71,00,000"},{"Name":"Shirin Farhad Ki Toh Nikal Padi","Release Date":"24 Aug 2012","Screens":"650","Nett Gross":"1,60,00,000"},{"Name":"Jodi Breakers","Release Date":"24 Feb 2012","Screens":"1000","Nett Gross":"1,51,00,000"},{"Name":"Ajab Gazabb Love","Release Date":"26 Oct 2012","Screens":"850","Nett Gross":"1,42,00,000"},{"Name":"Aiyyaa","Release Date":"12 Oct 2012","Screens":"900","Nett Gross":"1,35,00,000"},{"Name":"Kamaal Dhamaal Malamaal","Release Date":"28 Sep 2012","Screens":"950","Nett Gross":"1,19,00,000"},{"Name":"Dangerous Ishhq","Release Date":"11 May 2012","Screens":"1050","Nett Gross":"1,12,00,000"},{"Name":"Ghost","Release Date":"13 Jan 2012","Screens":"800","Nett Gross":"1,12,00,000"},{"Name":"Bhoot Returns","Release Date":"12 Oct 2012","Screens":"925","Nett Gross":"1,10,00,000"},{"Name":"Luv Shuv Tey Chicken Khurana","Release Date":"2 Nov 2012","Screens":"450","Nett Gross":"1,00,00,000"},{"Name":"London Paris New York","Release Date":"2 Mar 2012","Screens":"550","Nett Gross":"1,00,00,000"},{"Name":"Ekk Deewana Tha","Release Date":"17 Feb 2012","Screens":"600","Nett Gross":"96,00,000"},{"Name":"Dhoom 3","Release Date":"20 Dec 2013","Screens":"3650","Nett Gross":"32,48,00,000"},{"Name":"Chennai Express","Release Date":"8 Aug 2013","Screens":"3600","Nett Gross":"30,48,00,000"},{"Name":"Besharam","Release Date":"2 Oct 2013","Screens":"3400","Nett Gross":"19,87,00,000"},{"Name":"Yeh Jawaani Hai Deewani","Release Date":"31 May 2013","Screens":"2900","Nett Gross":"19,42,00,000"},{"Name":"Krrish 3","Release Date":"1 Nov 2013","Screens":"3500","Nett Gross":"18,93,00,000"},{"Name":"Goliyon Ki Raasleela Ram - Leela","Release Date":"15 Nov 2013","Screens":"3000","Nett Gross":"14,91,00,000"},{"Name":"Race 2","Release Date":"25 Jan 2013","Screens":"3200","Nett Gross":"14,38,00,000"},{"Name":"Grand Masti","Release Date":"13 Sep 2013","Screens":"2100","Nett Gross":"12,19,00,000"},{"Name":"Boss","Release Date":"16 Oct 2013","Screens":"2800","Nett Gross":"11,70,00,000"},{"Name":"Once Upon A Time In Mumbaai Dobaara!","Release Date":"15 Aug 2013","Screens":"2300","Nett Gross":"10,23,00,000"},{"Name":"Himmatwala","Release Date":"29 Mar 2013","Screens":"3150","Nett Gross":"10,13,00,000"},{"Name":"Satyagraha","Release Date":"30 Aug 2013","Screens":"2650","Nett Gross":"9,76,00,000"},{"Name":"R... Rajkumar","Release Date":"6 Dec 2013","Screens":"2350","Nett Gross":"9,47,00,000"},{"Name":"Bhaag Milkha Bhaag","Release Date":"12 Jul 2013","Screens":"1650","Nett Gross":"8,48,00,000"},{"Name":"Shootout At Wadala","Release Date":"3 May 2013","Screens":"2200","Nett Gross":"8,41,00,000"},{"Name":"Bullet Raja","Release Date":"29 Nov 2013","Screens":"2150","Nett Gross":"6,64,00,000"},{"Name":"Matru Ki Bijlee Ka Mandola","Release Date":"11 Jan 2013","Screens":"1850","Nett Gross":"6,42,00,000"},{"Name":"Shuddh Desi Romance","Release Date":"6 Sep 2013","Screens":"1050","Nett Gross":"6,38,00,000"},{"Name":"Yamla Pagla Deewana 2","Release Date":"7 Jun 2013","Screens":"2000","Nett Gross":"6,36,00,000"},{"Name":"Ghanchakkar","Release Date":"28 Jun 2013","Screens":"1450","Nett Gross":"6,07,00,000"},{"Name":"Special 26","Release Date":"8 Feb 2013","Screens":"1600","Nett Gross":"5,87,00,000"},{"Name":"Phata Poster Nikhla Hero","Release Date":"20 Sep 2013","Screens":"1900","Nett Gross":"5,81,00,000"},{"Name":"Ek Thi Daayan","Release Date":"19 Apr 2013","Screens":"1550","Nett Gross":"5,19,00,000"},{"Name":"Chasme Baddoor","Release Date":"5 Apr 2013","Screens":"1500","Nett Gross":"5,16,00,000"},{"Name":"Raanjhanaa","Release Date":"21 Jun 2013","Screens":"1450","Nett Gross":"5,12,00,000"},{"Name":"Aashiqui 2","Release Date":"26 Apr 2013","Screens":"1150","Nett Gross":"5,11,00,000"},{"Name":"Madras Cafe","Release Date":"23 Aug 2013","Screens":"1050","Nett Gross":"5,09,00,000"},{"Name":"ABCD - Any Body Can Dance","Release Date":"8 Feb 2013","Screens":"1000","Nett Gross":"4,51,00,000"},{"Name":"Singh Saab The Great","Release Date":"22 Nov 2013","Screens":"2000","Nett Gross":"4,32,00,000"},{"Name":"Lootera","Release Date":"5 Jul 2013","Screens":"1050","Nett Gross":"4,14,00,000"},{"Name":"Aurangzeb","Release Date":"17 May 2013","Screens":"1200","Nett Gross":"3,82,00,000"},{"Name":"Murder 3","Release Date":"15 Feb 2013","Screens":"1400","Nett Gross":"3,80,00,000"},{"Name":"Kai Po Che","Release Date":"22 Feb 2013","Screens":"900","Nett Gross":"3,68,00,000"},{"Name":"Ramaiya Vastavaiya","Release Date":"19 Jul 2013","Screens":"1400","Nett Gross":"3,53,00,000"},{"Name":"Go Goa Gone","Release Date":"10 May 2013","Screens":"1100","Nett Gross":"3,47,00,000"},{"Name":"Commando","Release Date":"12 Apr 2013","Screens":"1500","Nett Gross":"3,43,00,000"},{"Name":"Zilla Ghaziabad","Release Date":"22 Feb 2013","Screens":"1700","Nett Gross":"3,23,00,000"},{"Name":"Saheb Biwi Aur Gangster Returns","Release Date":"8 Mar 2013","Screens":"1350","Nett Gross":"3,22,00,000"},{"Name":"Nautanki Saala","Release Date":"12 Apr 2013","Screens":"925","Nett Gross":"3,19,00,000"},{"Name":"Jolly LLB","Release Date":"15 Mar 2013","Screens":"875","Nett Gross":"2,98,00,000"},{"Name":"Policegiri","Release Date":"5 Jul 2013","Screens":"1550","Nett Gross":"2,86,00,000"},{"Name":"Zanjeer","Release Date":"6 Sep 2013","Screens":"2050","Nett Gross":"2,84,00,000"},{"Name":"Gori Tere Pyaar Mein","Release Date":"22 Nov 2013","Screens":"1400","Nett Gross":"2,57,00,000"},{"Name":"Fukrey","Release Date":"14 Jun 2013","Screens":"1000","Nett Gross":"2,46,00,000"},{"Name":"D Day","Release Date":"19 Jul 2013","Screens":"1250","Nett Gross":"2,38,00,000"},{"Name":"The Attacks Of 26/11","Release Date":"1 Mar 2013","Screens":"1250","Nett Gross":"2,03,00,000"},{"Name":"Vishwaroop","Release Date":"1 Feb 2013","Screens":"1100","Nett Gross":"1,89,00,000"},{"Name":"Inkaar","Release Date":"18 Jan 2013","Screens":"800","Nett Gross":"1,68,00,000"},{"Name":"Aatma","Release Date":"22 Mar 2013","Screens":"1300","Nett Gross":"1,63,00,000"},{"Name":"Table No. 21","Release Date":"4 Jan 2013","Screens":"850","Nett Gross":"1,52,00,000"},{"Name":"Happy New Year","Release Date":"24 Oct 2014","Screens":"3850","Nett Gross":"36,31,00,000"},{"Name":"Singham Returns","Release Date":"15 Aug 2014","Screens":"3500","Nett Gross":"31,68,00,000"},{"Name":"PK","Release Date":"19 Dec 2014","Screens":"3600","Nett Gross":"25,45,00,000"},{"Name":"Kick","Release Date":"25 Jul 2014","Screens":"3800","Nett Gross":"24,97,00,000"},{"Name":"Bang Bang","Release Date":"2 Oct 2014","Screens":"3250","Nett Gross":"24,40,00,000"},{"Name":"Jai Ho","Release Date":"24 Jan 2014","Screens":"3700","Nett Gross":"17,06,00,000"},{"Name":"Ek Villain","Release Date":"27 Jun 2014","Screens":"2500","Nett Gross":"16,43,00,000"},{"Name":"Gunday","Release Date":"14 Feb 2014","Screens":"2700","Nett Gross":"14,82,00,000"},{"Name":"2 States","Release Date":"18 Apr 2014","Screens":"1900","Nett Gross":"12,11,00,000"},{"Name":"Holiday - A Soldier Is Never Off Duty","Release Date":"6 Jun 2014","Screens":"3300","Nett Gross":"11,92,00,000"},{"Name":"Humshakals","Release Date":"20 Jun 2014","Screens":"2800","Nett Gross":"10,74,00,000"},{"Name":"Action Jackson","Release Date":"5 Dec 2014","Screens":"3350","Nett Gross":"10,37,00,000"},{"Name":"Entertainment","Release Date":"8 Aug 2014","Screens":"2850","Nett Gross":"8,97,00,000"},{"Name":"Humpty Sharma Ki Dulhania","Release Date":"11 Jul 2014","Screens":"1950","Nett Gross":"8,71,00,000"},{"Name":"Mary Kom","Release Date":"5 Sep 2014","Screens":"1900","Nett Gross":"8,32,00,000"},{"Name":"Ragini MMS 2","Release Date":"21 Mar 2014","Screens":"2300","Nett Gross":"7,96,00,000"},{"Name":"Heropanti","Release Date":"23 May 2014","Screens":"2200","Nett Gross":"6,51,00,000"},{"Name":"Kill Dil","Release Date":"14 Nov 2014","Screens":"2300","Nett Gross":"6,25,00,000"},{"Name":"Main Tera Hero","Release Date":"4 Apr 2014","Screens":"2400","Nett Gross":"6,13,00,000"},{"Name":"Shaadi Ke Side Effects","Release Date":"28 Feb 2014","Screens":"1900","Nett Gross":"5,66,00,000"},{"Name":"Yaariyan","Release Date":"10 Jan 2014","Screens":"1400","Nett Gross":"5,48,00,000"},{"Name":"Haider","Release Date":"2 Oct 2014","Screens":"1250","Nett Gross":"5,20,00,000"},{"Name":"Raja Natwarlal","Release Date":"29 Aug 2014","Screens":"1950","Nett Gross":"4,95,00,000"},{"Name":"Hate Story 2","Release Date":"18 Jul 2014","Screens":"1800","Nett Gross":"4,82,00,000"},{"Name":"Finding Fanny","Release Date":"12 Sep 2014","Screens":"875","Nett Gross":"4,56,00,000"},{"Name":"Hasee Toh Phasee","Release Date":"7 Feb 2014","Screens":"1300","Nett Gross":"4,39,00,000"},{"Name":"Happy Ending","Release Date":"21 Nov 2014","Screens":"1650","Nett Gross":"3,89,00,000"},{"Name":"Daawat E Ishq","Release Date":"19 Sep 2014","Screens":"1900","Nett Gross":"3,72,00,000"},{"Name":"Mardaani","Release Date":"22 Aug 2014","Screens":"1250","Nett Gross":"3,44,00,000"},{"Name":"The Shaukeens","Release Date":"7 Nov 2014","Screens":"1800","Nett Gross":"3,39,00,000"},{"Name":"Bhoothnath Returns","Release Date":"11 Apr 2014","Screens":"1500","Nett Gross":"3,37,00,000"},{"Name":"Highway","Release Date":"21 Feb 2014","Screens":"750","Nett Gross":"3,21,00,000"},{"Name":"Ungli","Release Date":"28 Nov 2014","Screens":"1800","Nett Gross":"2,97,00,000"},{"Name":"Creature 3D","Release Date":"12 Sep 2014","Screens":"1300","Nett Gross":"2,72,00,000"},{"Name":"Dedh Ishqiya","Release Date":"10 Jan 2014","Screens":"1250","Nett Gross":"2,52,00,000"},{"Name":"Khoobsurat","Release Date":"19 Sep 2014","Screens":"1150","Nett Gross":"2,34,00,000"},{"Name":"Bewakoofiyaan","Release Date":"14 Mar 2014","Screens":"1100","Nett Gross":"2,21,00,000"},{"Name":"Fugly","Release Date":"13 Jun 2014","Screens":"950","Nett Gross":"2,00,00,000"},{"Name":"The Xpose","Release Date":"16 May 2014","Screens":"1050","Nett Gross":"1,89,00,000"},{"Name":"Bobby Jasoos","Release Date":"4 Jul 2014","Screens":"1250","Nett Gross":"1,75,00,000"},{"Name":"Queen","Release Date":"7 Mar 2014","Screens":"800","Nett Gross":"1,70,00,000"},{"Name":"Gulaab Gang","Release Date":"7 Mar 2014","Screens":"1700","Nett Gross":"1,61,00,000"},{"Name":"Roar - Tigers Of The Sundarbans","Release Date":"31 Oct 2014","Screens":"1250","Nett Gross":"1,57,00,000"},{"Name":"Revolver Rani","Release Date":"25 Apr 2014","Screens":"1600","Nett Gross":"1,55,00,000"},{"Name":"Youngistaan","Release Date":"28 Mar 2014","Screens":"1000","Nett Gross":"1,20,00,000"},{"Name":"Darr @ The Mall","Release Date":"21 Feb 2014","Screens":"1200","Nett Gross":"1,17,00,000"},{"Name":"Total Siyaapa","Release Date":"7 Mar 2014","Screens":"850","Nett Gross":"1,07,00,000"},{"Name":"Zid","Release Date":"28 Nov 2014","Screens":"1200","Nett Gross":"1,04,00,000"},{"Name":"Dishkiyaoon","Release Date":"28 Mar 2014","Screens":"1550","Nett Gross":"1,02,00,000"},{"Name":"Hawaa Hawaai","Release Date":"9 May 2014","Screens":"625","Nett Gross":"72,00,000"},{"Name":"Prem Ratan Dhan Payo","Release Date":"12 Nov 2015","Screens":"4200","Nett Gross":"39,32,00,000"},{"Name":"Bajrangi Bhaijaan","Release Date":"17 Jul 2015","Screens":"4100","Nett Gross":"26,67,00,000"},{"Name":"Dilwale","Release Date":"18 Dec 2015","Screens":"3150","Nett Gross":"20,37,00,000"},{"Name":"Singh Is Bling","Release Date":"2 Oct 2015","Screens":"3100","Nett Gross":"16,98,00,000"},{"Name":"ABCD 2","Release Date":"19 Jun 2015","Screens":"2500","Nett Gross":"14,28,00,000"},{"Name":"Welcome Back","Release Date":"4 Sep 2015","Screens":"3200","Nett Gross":"14,19,00,000"},{"Name":"Brothers","Release Date":"14 Aug 2015","Screens":"3400","Nett Gross":"13,04,00,000"},{"Name":"Gabbar Is Back","Release Date":"1 May 2015","Screens":"3100","Nett Gross":"12,64,00,000"},{"Name":"Bajirao Mastani","Release Date":"18 Dec 2015","Screens":"2700","Nett Gross":"12,30,00,000"},{"Name":"Shaandaar","Release Date":"22 Oct 2015","Screens":"2500","Nett Gross":"11,71,00,000"},{"Name":"Tamasha","Release Date":"27 Nov 2015","Screens":"2050","Nett Gross":"10,91,00,000"},{"Name":"Dil Dhadakne Do","Release Date":"5 Jun 2015","Screens":"2300","Nett Gross":"9,69,00,000"},{"Name":"Roy","Release Date":"13 Feb 2015","Screens":"2350","Nett Gross":"9,39,00,000"},{"Name":"Tanu Weds Manu Returns","Release Date":"22 May 2015","Screens":"2150","Nett Gross":"8,61,00,000"},{"Name":"Hate Story 3","Release Date":"4 Dec 2015","Screens":"2600","Nett Gross":"8,54,00,000"},{"Name":"Phantom","Release Date":"28 Aug 2015","Screens":"2600","Nett Gross":"8,39,00,000"},{"Name":"Baby","Release Date":"23 Jan 2015","Screens":"2450","Nett Gross":"7,84,00,000"},{"Name":"Kis Kisko Pyaar Karoon","Release Date":"25 Sep 2015","Screens":"1700","Nett Gross":"7,68,00,000"},{"Name":"Badlapur","Release Date":"20 Feb 2015","Screens":"1700","Nett Gross":"6,90,00,000"},{"Name":"Tevar","Release Date":"9 Jan 2015","Screens":"2850","Nett Gross":"6,82,00,000"},{"Name":"Hero","Release Date":"11 Sep 2015","Screens":"2100","Nett Gross":"6,69,00,000"},{"Name":"Pyaar Ka Punchnama 2","Release Date":"16 Oct 2015","Screens":"1400","Nett Gross":"6,20,00,000"},{"Name":"Drishyam","Release Date":"31 Jul 2015","Screens":"2250","Nett Gross":"5,87,00,000"},{"Name":"Piku - Motion Se Hi Emotion","Release Date":"8 May 2015","Screens":"1300","Nett Gross":"5,27,00,000"},{"Name":"Bombay Velvet","Release Date":"15 May 2015","Screens":"2550","Nett Gross":"5,24,00,000"},{"Name":"Katti Batti","Release Date":"18 Sep 2015","Screens":"1250","Nett Gross":"5,22,00,000"},{"Name":"Hamari Adhuri Kahani","Release Date":"12 Jun 2015","Screens":"1750","Nett Gross":"4,99,00,000"},{"Name":"Detective Byomkesh Bakshy","Release Date":"3 Apr 2015","Screens":"1200","Nett Gross":"4,01,00,000"},{"Name":"Jazbaa","Release Date":"9 Oct 2015","Screens":"1650","Nett Gross":"3,94,00,000"},{"Name":"Mr. X","Release Date":"17 Apr 2015","Screens":"2100","Nett Gross":"3,86,00,000"},{"Name":"Shamitabh","Release Date":"6 Feb 2015","Screens":"1600","Nett Gross":"3,45,00,000"},{"Name":"Ek Paheli Leela","Release Date":"10 Apr 2015","Screens":"2000","Nett Gross":"3,41,00,000"},{"Name":"Alone","Release Date":"16 Jan 2015","Screens":"1600","Nett Gross":"3,38,00,000"},{"Name":"NH 10","Release Date":"13 Mar 2015","Screens":"1000","Nett Gross":"3,26,00,000"},{"Name":"Talvar","Release Date":"2 Oct 2015","Screens":"675","Nett Gross":"2,50,00,000"},{"Name":"All Is Well","Release Date":"21 Aug 2015","Screens":"1650","Nett Gross":"2,32,00,000"},{"Name":"MSG - The Messenger Of God","Release Date":"13 Feb 2015","Screens":"650","Nett Gross":"2,28,00,000"},{"Name":"Welcome 2 Karachi","Release Date":"29 May 2015","Screens":"1350","Nett Gross":"1,69,00,000"},{"Name":"Khamoshiyan","Release Date":"30 Jan 2015","Screens":"1500","Nett Gross":"1,63,00,000"},{"Name":"Dolly Ki Doli","Release Date":"23 Jan 2015","Screens":"1150","Nett Gross":"1,57,00,000"},{"Name":"Calendar Girls","Release Date":"25 Sep 2015","Screens":"850","Nett Gross":"1,47,00,000"},{"Name":"Ab Tak Chhappan 2","Release Date":"27 Feb 2015","Screens":"1450","Nett Gross":"1,36,00,000"},{"Name":"Manjhi - The Mountain Man","Release Date":"21 Aug 2015","Screens":"575","Nett Gross":"1,34,00,000"},{"Name":"Dirty Politics","Release Date":"6 Mar 2015","Screens":"1150","Nett Gross":"1,19,00,000"},{"Name":"Dharam Sankat Mein","Release Date":"10 Apr 2015","Screens":"1100","Nett Gross":"1,18,00,000"},{"Name":"Guddu Rangeela","Release Date":"3 Jul 2015","Screens":"975","Nett Gross":"1,14,00,000"},{"Name":"Dum Laga Ke Haisha","Release Date":"27 Feb 2015","Screens":"775","Nett Gross":"1,12,00,000"},{"Name":"Main Aur Charles","Release Date":"30 Oct 2015","Screens":"900","Nett Gross":"1,05,00,000"},{"Name":"Bangistan","Release Date":"7 Aug 2015","Screens":"700","Nett Gross":"1,00,00,000"},{"Name":"MSG 2 - The Messenger","Release Date":"18 Sep 2015","Screens":"500","Nett Gross":"85,00,000"},{"Name":"Sultan","Release Date":"6 Jul 2016","Screens":"4350","Nett Gross":"36,59,00,000"},{"Name":"Dangal","Release Date":"23 Dec 2016","Screens":"4250","Nett Gross":"29,16,00,000"},{"Name":"M.S. Dhoni - The Untold Story","Release Date":"30 Sep 2016","Screens":"3900","Nett Gross":"20,13,00,000"},{"Name":"Fan","Release Date":"15 Apr 2016","Screens":"3450","Nett Gross":"19,07,00,000"},{"Name":"Housefull 3","Release Date":"3 Jun 2016","Screens":"3650","Nett Gross":"15,24,00,000"},{"Name":"Rustom","Release Date":"12 Aug 2016","Screens":"2350","Nett Gross":"13,92,00,000"},{"Name":"Ae Dil Hai Mushkil","Release Date":"28 Oct 2016","Screens":"2850","Nett Gross":"13,04,00,000"},{"Name":"Baaghi","Release Date":"29 Apr 2016","Screens":"2750","Nett Gross":"11,93,00,000"},{"Name":"Airlift","Release Date":"22 Jan 2016","Screens":"1950","Nett Gross":"11,12,00,000"},{"Name":"Dishoom","Release Date":"29 Jul 2016","Screens":"3000","Nett Gross":"11,00,00,000"},{"Name":"Befikre","Release Date":"9 Dec 2016","Screens":"2150","Nett Gross":"10,35,00,000"},{"Name":"Udta Punjab","Release Date":"17 Jun 2016","Screens":"2200","Nett Gross":"9,53,00,000"},{"Name":"Shivaay","Release Date":"28 Oct 2016","Screens":"2950","Nett Gross":"9,19,00,000"},{"Name":"Mohenjo Daro","Release Date":"12 Aug 2016","Screens":"2700","Nett Gross":"8,80,00,000"},{"Name":"Dear Zindagi","Release Date":"25 Nov 2016","Screens":"1150","Nett Gross":"8,62,00,000"},{"Name":"Ki & Ka","Release Date":"1 Apr 2016","Screens":"1600","Nett Gross":"7,22,00,000"},{"Name":"Baar Baar Dekho","Release Date":"9 Sep 2016","Screens":"1950","Nett Gross":"6,77,00,000"},{"Name":"Kapoor & Sons","Release Date":"18 Mar 2016","Screens":"1500","Nett Gross":"6,58,00,000"},{"Name":"A Flying Jatt","Release Date":"25 Aug 2016","Screens":"2650","Nett Gross":"6,09,00,000"},{"Name":"Azhar","Release Date":"13 May 2016","Screens":"2100","Nett Gross":"6,00,00,000"},{"Name":"Force 2","Release Date":"18 Nov 2016","Screens":"2250","Nett Gross":"5,62,00,000"},{"Name":"Ghayal Once Again","Release Date":"5 Feb 2016","Screens":"2300","Nett Gross":"5,57,00,000"},{"Name":"Kyaa Kool Hain Hum 3","Release Date":"22 Jan 2016","Screens":"2050","Nett Gross":"5,50,00,000"},{"Name":"Wazir","Release Date":"8 Jan 2016","Screens":"1550","Nett Gross":"5,41,00,000"},{"Name":"Rocky Handsome","Release Date":"24 Mar 2016","Screens":"1900","Nett Gross":"5,19,00,000"},{"Name":"Raaz Reboot","Release Date":"16 Sep 2016","Screens":"1700","Nett Gross":"5,13,00,000"},{"Name":"Akira","Release Date":"2 Sep 2016","Screens":"2400","Nett Gross":"4,81,00,000"},{"Name":"Neerja","Release Date":"19 Feb 2016","Screens":"1000","Nett Gross":"4,62,00,000"},{"Name":"Jai Gangaajal","Release Date":"4 Mar 2016","Screens":"2500","Nett Gross":"4,48,00,000"},{"Name":"Pink","Release Date":"16 Sep 2016","Screens":"1000","Nett Gross":"4,18,00,000"},{"Name":"Kahaani 2","Release Date":"2 Dec 2016","Screens":"1250","Nett Gross":"4,13,00,000"},{"Name":"Sanam Re","Release Date":"12 Feb 2016","Screens":"2000","Nett Gross":"3,53,00,000"},{"Name":"Mastizaade","Release Date":"29 Jan 2016","Screens":"1850","Nett Gross":"3,39,00,000"},{"Name":"Fitoor","Release Date":"12 Feb 2016","Screens":"1500","Nett Gross":"3,17,00,000"},{"Name":"Sarabjit","Release Date":"20 May 2016","Screens":"1400","Nett Gross":"2,98,00,000"},{"Name":"TE3N","Release Date":"10 Jun 2016","Screens":"1150","Nett Gross":"2,57,00,000"},{"Name":"Great Grand Masti","Release Date":"15 Jul 2016","Screens":"1700","Nett Gross":"2,54,00,000"},{"Name":"1920 London","Release Date":"6 May 2016","Screens":"1300","Nett Gross":"2,50,00,000"},{"Name":"Happy Bhaag Jayegi","Release Date":"19 Aug 2016","Screens":"1000","Nett Gross":"2,29,00,000"},{"Name":"Wajah Tum Ho","Release Date":"16 Dec 2016","Screens":"2000","Nett Gross":"2,16,00,000"},{"Name":"Rock On 2","Release Date":"11 Nov 2016","Screens":"1450","Nett Gross":"1,98,00,000"},{"Name":"Madaari","Release Date":"22 Jul 2016","Screens":"975","Nett Gross":"1,98,00,000"},{"Name":"Freaky Ali","Release Date":"9 Sep 2016","Screens":"1200","Nett Gross":"1,91,00,000"},{"Name":"Mirzya","Release Date":"7 Oct 2016","Screens":"1750","Nett Gross":"1,59,00,000"},{"Name":"Banjo","Release Date":"23 Sep 2016","Screens":"1350","Nett Gross":"1,55,00,000"},{"Name":"Saala Khadoos","Release Date":"29 Jan 2016","Screens":"700","Nett Gross":"1,26,00,000"},{"Name":"Veerappan","Release Date":"27 May 2016","Screens":"1200","Nett Gross":"1,23,00,000"},{"Name":"Teraa Surroor","Release Date":"11 Mar 2016","Screens":"1150","Nett Gross":"1,13,00,000"},{"Name":"Sanam Teri Kasam","Release Date":"5 Feb 2016","Screens":"950","Nett Gross":"1,12,00,000"},{"Name":"MSG - The Warrior Lion Heart","Release Date":"7 Oct 2016","Screens":"450","Nett Gross":"1,05,00,000"},{"Name":"Raees","Release Date":"25 Jan 2017","Screens":"3400","Nett Gross":"20,29,00,000"},{"Name":"Jolly LLB 2","Release Date":"10 Feb 2017","Screens":"3300","Nett Gross":"12,06,00,000"},{"Name":"Badrinath Ki Dulhania","Release Date":"10 Mar 2017","Screens":"3000","Nett Gross":"11,65,00,000"},{"Name":"Kaabil","Release Date":"25 Jan 2017","Screens":"2550","Nett Gross":"8,02,00,000"},{"Name":"Rangoon","Release Date":"24 Feb 2017","Screens":"2100","Nett Gross":"5,06,00,000"},{"Name":"Commando 2","Release Date":"3 Mar 2017","Screens":"2200","Nett Gross":"4,41,00,000"},{"Name":"Ok Jaanu","Release Date":"13 Jan 2017","Screens":"1400","Nett Gross":"3,54,00,000"},{"Name":"The Ghazi Attack","Release Date":"17 Feb 2017","Screens":"1100","Nett Gross":"1,55,00,000"},{"Name":"Hind Ka Napak Ko Jawab - MSG Lion Heart-2","Release Date":"10 Feb 2017","Screens":"525","Nett Gross":"85,00,000"},{"Name":"Machine","Release Date":"17 Mar 2017","Screens":"1600","Nett Gross":"39,00,000"},{"Name":"Trapped","Release Date":"17 Mar 2017","Screens":"300","Nett Gross":"25,00,000"},{"Name":"Haraamkhor","Release Date":"13 Jan 2017","Screens":"225","Nett Gross":"20,00,000"},{"Name":"Running Shaadi","Release Date":"17 Feb 2017","Screens":"650","Nett Gross":"17,00,000"},{"Name":"Aa Gaya Hero","Release Date":"10 Mar 2017","Screens":"750","Nett Gross":"17,00,000"},{"Name":"Irada","Release Date":"17 Feb 2017","Screens":"500","Nett Gross":"12,00,000"},{"Name":"Coffee With D","Release Date":"20 Jan 2017","Screens":"650","Nett Gross":"12,00,000"},{"Name":"Jeena Isi Ka Naam Hai","Release Date":"3 Mar 2017","Screens":"400","Nett Gross":"4,00,000"},{"Name":"Wedding Anniversary","Release Date":"24 Feb 2017","Screens":"375","Nett Gross":"3,25,000"},{"Name":"Mona Darling","Release Date":"24 Feb 2017","Screens":"225","Nett Gross":"2,00,000"}]