[{"Name":"Gadar - Ek Prem Katha","Release Date":"15 Jun 2001","Nett Gross":"76,88,00,000"},{"Name":"Kabhi Khushi Kabhie Gham...","Release Date":"14 Dec 2001","Nett Gross":"55,65,00,000"},{"Name":"Lagaan","Release Date":"15 Jun 2001","Nett Gross":"34,30,50,000"},{"Name":"Indian","Release Date":"26 Oct 2001","Nett Gross":"24,21,50,000"},{"Name":"Dil Chahta Hai","Release Date":"10 Aug 2001","Nett Gross":"20,02,00,000"},{"Name":"Jodi No.1","Release Date":"13 Apr 2001","Nett Gross":"18,89,50,000"},{"Name":"Chori Chori Chupke Chupke","Release Date":"9 Mar 2001","Nett Gross":"18,34,50,000"},{"Name":"Ek Rishtaa - The Bond Of Love","Release Date":"18 May 2001","Nett Gross":"17,78,00,000"},{"Name":"Mujhe Kucch Kehna Hai","Release Date":"25 May 2001","Nett Gross":"17,27,50,000"},{"Name":"Ajnabee","Release Date":"21 Sep 2001","Nett Gross":"17,04,00,000"},{"Name":"Lajja","Release Date":"31 Aug 2001","Nett Gross":"15,87,00,000"},{"Name":"Yaadein","Release Date":"27 Jul 2001","Nett Gross":"14,64,50,000"},{"Name":"Asoka","Release Date":"26 Oct 2001","Nett Gross":"11,54,00,000"},{"Name":"Farz","Release Date":"12 Jan 2001","Nett Gross":"11,26,50,000"},{"Name":"Nayak","Release Date":"7 Sep 2001","Nett Gross":"10,75,00,000"},{"Name":"Albela","Release Date":"20 Apr 2001","Nett Gross":"10,52,50,000"},{"Name":"Aashiq","Release Date":"26 Jan 2001","Nett Gross":"10,34,00,000"},{"Name":"Aks","Release Date":"13 Jul 2001","Nett Gross":"8,00,00,000"},{"Name":"Kyo Kii... Main Jhuth Nahin Bolta","Release Date":"21 Sep 2001","Nett Gross":"7,95,00,000"},{"Name":"Yeh Raaste Hain Pyaar Ke","Release Date":"10 Aug 2001","Nett Gross":"7,75,50,000"},{"Name":"Pyaar Tune Kya Kiya","Release Date":"27 Apr 2001","Nett Gross":"6,82,50,000"},{"Name":"One 2 Ka 4","Release Date":"30 Mar 2001","Nett Gross":"6,63,50,000"},{"Name":"Aamdani Atthani Kharcha Rupaiyaa","Release Date":"21 Dec 2001","Nett Gross":"6,12,00,000"},{"Name":"Love Ke Liye Kuch Bhi Karega","Release Date":"29 Jun 2001","Nett Gross":"5,56,50,000"},{"Name":"Rehnaa Hai Teree Dil Mein","Release Date":"19 Oct 2001","Nett Gross":"5,52,00,000"},{"Name":"Chhupa Rustam","Release Date":"23 Mar 2001","Nett Gross":"5,42,00,000"},{"Name":"Style","Release Date":"28 Dec 2001","Nett Gross":"5,35,50,000"},{"Name":"Kasoor","Release Date":"2 Feb 2001","Nett Gross":"5,31,00,000"},{"Name":"Deewaanapan","Release Date":"16 Nov 2001","Nett Gross":"5,10,00,000"},{"Name":"Kuch Khatti Kuch Meethi","Release Date":"19 Jan 2001","Nett Gross":"5,04,00,000"},{"Name":"Tum Bin","Release Date":"13 Jul 2001","Nett Gross":"4,43,00,000"},{"Name":"Chandni Bar","Release Date":"28 Sep 2001","Nett Gross":"4,09,25,000"},{"Name":"Yeh Teraa Ghar Yeh Meraa Ghar","Release Date":"12 Oct 2001","Nett Gross":"3,87,00,000"},{"Name":"Officer","Release Date":"2 Mar 2001","Nett Gross":"3,70,50,000"},{"Name":"Zubeidaa","Release Date":"19 Jan 2001","Nett Gross":"3,47,50,000"},{"Name":"Pyaar Ishq Aur Mohabbat","Release Date":"3 Aug 2001","Nett Gross":"3,31,50,000"},{"Name":"Tera Mera Saath Rahen","Release Date":"16 Nov 2001","Nett Gross":"3,04,25,000"},{"Name":"Hum Ho Gaye Aapke","Release Date":"3 Aug 2001","Nett Gross":"2,89,00,000"},{"Name":"Bas Itna Sa Khwaab Hai...","Release Date":"6 Jul 2001","Nett Gross":"2,73,00,000"},{"Name":"Abhay","Release Date":"16 Nov 2001","Nett Gross":"2,01,50,000"},{"Name":"Ittefaq","Release Date":"14 Sep 2001","Nett Gross":"1,92,00,000"},{"Name":"Kasam","Release Date":"12 Oct 2001","Nett Gross":"1,28,50,000"},{"Name":"Bawandar","Release Date":"7 Dec 2001","Nett Gross":"1,05,00,000"},{"Name":"Paagalpan","Release Date":"8 Jun 2001","Nett Gross":"1,03,00,000"},{"Name":"Avgat","Release Date":"1 Jun 2001","Nett Gross":"1,00,25,000"},{"Name":"Khatron Ke Khiladi","Release Date":"4 May 2001","Nett Gross":"98,50,000"},{"Name":"Rahul","Release Date":"6 Apr 2001","Nett Gross":"98,00,000"},{"Name":"Ehsaas","Release Date":"30 Nov 2001","Nett Gross":"96,75,000"},{"Name":"Zahreela","Release Date":"2 Mar 2001","Nett Gross":"86,50,000"},{"Name":"Vatsyayana Kamsutra","Release Date":"9 Mar 2001","Nett Gross":"85,00,000"},{"Name":"Devdas","Release Date":"12 Jul 2002","Nett Gross":"41,65,50,000"},{"Name":"Raaz","Release Date":"1 Feb 2002","Nett Gross":"21,46,00,000"},{"Name":"Kaante","Release Date":"20 Dec 2002","Nett Gross":"20,45,00,000"},{"Name":"Aankhen","Release Date":"5 Apr 2002","Nett Gross":"17,48,00,000"},{"Name":"Humraaz","Release Date":"5 Jul 2002","Nett Gross":"16,59,00,000"},{"Name":"Awara Paagal Deewana","Release Date":"21 Jun 2002","Nett Gross":"16,01,50,000"},{"Name":"Saathiya","Release Date":"20 Dec 2002","Nett Gross":"15,25,50,000"},{"Name":"Company","Release Date":"12 Apr 2002","Nett Gross":"13,82,50,000"},{"Name":"Hum Tumhare Hain Sanam","Release Date":"24 May 2002","Nett Gross":"13,52,00,000"},{"Name":"Maa Tujhhe Salaam","Release Date":"25 Jan 2002","Nett Gross":"13,31,50,000"},{"Name":"Mujhse Dosti Karoge!","Release Date":"9 Aug 2002","Nett Gross":"12,94,50,000"},{"Name":"Hum Kisise Kum Nahin","Release Date":"31 May 2002","Nett Gross":"12,05,00,000"},{"Name":"Deewangee","Release Date":"25 Oct 2002","Nett Gross":"11,44,00,000"},{"Name":"Jaani Dushman - Ek Anokhi Kahani","Release Date":"15 Aug 2002","Nett Gross":"10,72,50,000"},{"Name":"Tumko Na Bhool Paayenge","Release Date":"22 Feb 2002","Nett Gross":"10,52,50,000"},{"Name":"Aap Mujhe Achche Lagne Lage","Release Date":"19 Apr 2002","Nett Gross":"9,58,50,000"},{"Name":"Haan Maine Bhi Pyaar Kiya","Release Date":"15 Feb 2002","Nett Gross":"8,93,00,000"},{"Name":"Karz - The Burden of Truth","Release Date":"6 Dec 2002","Nett Gross":"8,69,50,000"},{"Name":"Dil Hai Tumhaara","Release Date":"6 Sep 2002","Nett Gross":"8,68,50,000"},{"Name":"Shakthi - The Power","Release Date":"20 Sep 2002","Nett Gross":"8,47,50,000"},{"Name":"Mere Yaar Ki Shaadi Hai","Release Date":"7 Jun 2002","Nett Gross":"8,34,00,000"},{"Name":"Na Tum Jaano Na Hum","Release Date":"10 May 2002","Nett Gross":"8,14,00,000"},{"Name":"Chor Machaaye Shor","Release Date":"30 Aug 2002","Nett Gross":"7,65,50,000"},{"Name":"23rd March 1931 Shaheed","Release Date":"7 Jun 2002","Nett Gross":"7,60,00,000"},{"Name":"Kya Yehi Pyaar Hai","Release Date":"22 Mar 2002","Nett Gross":"7,58,00,000"},{"Name":"Road","Release Date":"27 Sep 2002","Nett Gross":"7,56,50,000"},{"Name":"The Legend Of Bhagat Singh","Release Date":"7 Jun 2002","Nett Gross":"7,44,50,000"},{"Name":"Jeena Sirf Merre Liye","Release Date":"1 Nov 2002","Nett Gross":"6,50,00,000"},{"Name":"Maine Dil Tujhko Diya","Release Date":"16 Aug 2002","Nett Gross":"6,39,50,000"},{"Name":"16 December","Release Date":"22 Mar 2002","Nett Gross":"6,36,50,000"},{"Name":"Yeh Dil Aashiqanaa","Release Date":"18 Jan 2002","Nett Gross":"6,21,50,000"},{"Name":"Kranti","Release Date":"8 Mar 2002","Nett Gross":"6,19,00,000"},{"Name":"Om Jai Jagadish","Release Date":"19 Jul 2002","Nett Gross":"6,15,50,000"},{"Name":"Rishtey","Release Date":"6 Dec 2002","Nett Gross":"5,99,50,000"},{"Name":"Yeh Hai Jalwa","Release Date":"26 Jul 2002","Nett Gross":"5,49,00,000"},{"Name":"Hathyar","Release Date":"18 Oct 2002","Nett Gross":"5,34,50,000"},{"Name":"Ek Chhotisi Love Story","Release Date":"6 Sep 2002","Nett Gross":"4,83,50,000"},{"Name":"Pitaah","Release Date":"4 Jan 2002","Nett Gross":"4,79,00,000"},{"Name":"Gunaah","Release Date":"20 Sep 2002","Nett Gross":"4,48,50,000"},{"Name":"Kyaa Dil Ne Kahaa","Release Date":"28 Jun 2002","Nett Gross":"4,23,50,000"},{"Name":"Koi Mere Dil Se Poochhe","Release Date":"11 Jan 2002","Nett Gross":"3,80,00,000"},{"Name":"Badhaai Ho Badhaai","Release Date":"14 Jun 2002","Nett Gross":"3,79,00,000"},{"Name":"Akhiyon Se Goli Maare","Release Date":"2 Aug 2002","Nett Gross":"3,10,00,000"},{"Name":"Ab Ke Baras","Release Date":"10 May 2002","Nett Gross":"3,08,50,000"},{"Name":"Annarth","Release Date":"1 Nov 2002","Nett Gross":"3,00,00,000"},{"Name":"Yeh Kya Ho Raha Hai?","Release Date":"11 Oct 2002","Nett Gross":"2,91,00,000"},{"Name":"Dil Vil Pyar Vyar","Release Date":"18 Oct 2002","Nett Gross":"2,36,50,000"},{"Name":"Filhaal...","Release Date":"1 Feb 2002","Nett Gross":"1,91,00,000"},{"Name":"Tum Se Achcha Kaun Hai","Release Date":"26 Apr 2002","Nett Gross":"1,87,50,000"},{"Name":"Waah! Tera Kya Kehna","Release Date":"1 Nov 2002","Nett Gross":"1,79,75,000"},{"Name":"Koi Mil Gaya","Release Date":"8 Aug 2003","Nett Gross":"47,19,50,000"},{"Name":"Kal Ho Naa Ho","Release Date":"27 Nov 2003","Nett Gross":"38,55,00,000"},{"Name":"The Hero - Love Story of a Spy","Release Date":"11 Apr 2003","Nett Gross":"26,22,50,000"},{"Name":"Munnabhai M.B.B.S.","Release Date":"19 Dec 2003","Nett Gross":"23,13,00,000"},{"Name":"Baghban","Release Date":"3 Oct 2003","Nett Gross":"20,65,00,000"},{"Name":"Chalte Chalte","Release Date":"13 Jun 2003","Nett Gross":"19,44,00,000"},{"Name":"Main Prem Ki Diwani Hoon","Release Date":"27 Jun 2003","Nett Gross":"17,79,50,000"},{"Name":"L.O.C Kargil","Release Date":"26 Dec 2003","Nett Gross":"17,64,00,000"},{"Name":"Qayamat","Release Date":"11 Jul 2003","Nett Gross":"17,46,00,000"},{"Name":"Andaaz","Release Date":"23 May 2003","Nett Gross":"15,93,50,000"},{"Name":"Tere Naam","Release Date":"15 Aug 2003","Nett Gross":"14,53,00,000"},{"Name":"Bhoot","Release Date":"30 May 2003","Nett Gross":"14,48,50,000"},{"Name":"Hungama","Release Date":"1 Aug 2003","Nett Gross":"12,60,50,000"},{"Name":"Ek Aur Ek Gyarah","Release Date":"28 Mar 2003","Nett Gross":"11,71,00,000"},{"Name":"Zameen","Release Date":"26 Sep 2003","Nett Gross":"11,00,00,000"},{"Name":"Gangaajal","Release Date":"29 Aug 2003","Nett Gross":"10,47,50,000"},{"Name":"Janasheen","Release Date":"26 Nov 2003","Nett Gross":"9,79,00,000"},{"Name":"Khushi","Release Date":"7 Feb 2003","Nett Gross":"9,03,00,000"},{"Name":"Tujhe Meri Kasam","Release Date":"3 Jan 2003","Nett Gross":"8,92,50,000"},{"Name":"Jism","Release Date":"17 Jan 2003","Nett Gross":"8,14,00,000"},{"Name":"Talaash - The Hunt Begins...","Release Date":"3 Jan 2003","Nett Gross":"7,86,00,000"},{"Name":"Ishq Vishk","Release Date":"9 May 2003","Nett Gross":"7,74,00,000"},{"Name":"Jaal - The Trap","Release Date":"18 Jul 2003","Nett Gross":"7,10,00,000"},{"Name":"Khel","Release Date":"3 Oct 2003","Nett Gross":"6,98,50,000"},{"Name":"Armaan","Release Date":"16 May 2003","Nett Gross":"6,82,00,000"},{"Name":"Kucch Toh Hai","Release Date":"24 Jan 2003","Nett Gross":"6,77,50,000"},{"Name":"Kuch Naa Kaho","Release Date":"5 Sep 2003","Nett Gross":"6,45,50,000"},{"Name":"Boom","Release Date":"19 Sep 2003","Nett Gross":"6,23,00,000"},{"Name":"Dil Ka Rishta","Release Date":"17 Jan 2003","Nett Gross":"5,52,50,000"},{"Name":"Darna Mana Hai","Release Date":"25 Jul 2003","Nett Gross":"5,14,50,000"},{"Name":"Dum","Release Date":"24 Jan 2003","Nett Gross":"5,03,00,000"},{"Name":"Out Of Control","Release Date":"21 Nov 2003","Nett Gross":"4,77,00,000"},{"Name":"Parwana","Release Date":"12 Sep 2003","Nett Gross":"4,35,00,000"},{"Name":"Footpath","Release Date":"15 Aug 2003","Nett Gross":"4,14,50,000"},{"Name":"Hawa","Release Date":"4 Jul 2003","Nett Gross":"3,75,50,000"},{"Name":"Jajantaram Mamantaram","Release Date":"30 May 2003","Nett Gross":"3,65,00,000"},{"Name":"Sssshhh","Release Date":"24 Oct 2003","Nett Gross":"3,64,25,000"},{"Name":"Pinjar","Release Date":"24 Oct 2003","Nett Gross":"3,43,00,000"},{"Name":"Khwahish","Release Date":"6 Jun 2003","Nett Gross":"3,33,50,000"},{"Name":"Saaya","Release Date":"4 Jul 2003","Nett Gross":"3,23,50,000"},{"Name":"Chori Chori","Release Date":"1 Aug 2003","Nett Gross":"3,14,50,000"},{"Name":"Chura Liyaa Hai Tumne","Release Date":"21 Mar 2003","Nett Gross":"3,09,50,000"},{"Name":"Nayee Padosan","Release Date":"6 Jun 2003","Nett Gross":"3,08,75,000"},{"Name":"Fun2shh...","Release Date":"19 Dec 2003","Nett Gross":"2,92,00,000"},{"Name":"Market","Release Date":"12 Sep 2003","Nett Gross":"2,80,75,000"},{"Name":"Baaz - A Bird in Danger","Release Date":"7 Feb 2003","Nett Gross":"2,80,50,000"},{"Name":"Supari","Release Date":"20 Jun 2003","Nett Gross":"2,65,50,000"},{"Name":"Calcutta Mail","Release Date":"5 Sep 2003","Nett Gross":"2,59,00,000"},{"Name":"Mumbai Se Aaya Mera Dost","Release Date":"22 Aug 2003","Nett Gross":"2,48,00,000"},{"Name":"Om","Release Date":"21 Mar 2003","Nett Gross":"2,20,00,000"},{"Name":"Veer Zaara","Release Date":"12 Nov 2004","Nett Gross":"41,86,00,000"},{"Name":"Main Hoon Na","Release Date":"30 Apr 2004","Nett Gross":"36,20,00,000"},{"Name":"Dhoom","Release Date":"27 Aug 2004","Nett Gross":"31,60,00,000"},{"Name":"Mujhse Shaadi Karogi","Release Date":"30 Jul 2004","Nett Gross":"29,11,00,000"},{"Name":"Khakee","Release Date":"23 Jan 2004","Nett Gross":"25,79,00,000"},{"Name":"Lakshya","Release Date":"18 Jun 2004","Nett Gross":"23,55,50,000"},{"Name":"Hum Tum","Release Date":"28 May 2004","Nett Gross":"21,63,50,000"},{"Name":"Hulchul","Release Date":"26 Nov 2004","Nett Gross":"20,29,00,000"},{"Name":"Masti","Release Date":"9 Apr 2004","Nett Gross":"20,28,00,000"},{"Name":"Swades","Release Date":"17 Dec 2004","Nett Gross":"16,31,00,000"},{"Name":"Aitraaz","Release Date":"12 Nov 2004","Nett Gross":"15,58,00,000"},{"Name":"Murder","Release Date":"2 Apr 2004","Nett Gross":"15,01,00,000"},{"Name":"Garv - Pride & Honour","Release Date":"9 Jul 2004","Nett Gross":"14,38,00,000"},{"Name":"Yuva","Release Date":"21 May 2004","Nett Gross":"14,24,50,000"},{"Name":"Deewaar - Let's Bring Our Heroes Home","Release Date":"25 Jun 2004","Nett Gross":"13,24,00,000"},{"Name":"Musafir","Release Date":"10 Dec 2004","Nett Gross":"11,81,50,000"},{"Name":"Ab Tumhare Hawale Watan Saathiyo","Release Date":"24 Dec 2004","Nett Gross":"11,56,00,000"},{"Name":"Fida","Release Date":"20 Aug 2004","Nett Gross":"9,71,00,000"},{"Name":"Aan - Men at Work","Release Date":"4 Jun 2004","Nett Gross":"9,26,50,000"},{"Name":"Julie","Release Date":"23 Jul 2004","Nett Gross":"9,16,50,000"},{"Name":"Ab Tak Chhappan","Release Date":"27 Feb 2004","Nett Gross":"8,67,75,000"},{"Name":"Kyun! Ho Gaya Na....","Release Date":"13 Aug 2004","Nett Gross":"7,88,00,000"},{"Name":"Gayab","Release Date":"16 Jul 2004","Nett Gross":"7,11,00,000"},{"Name":"Vaastu Shastra","Release Date":"22 Oct 2004","Nett Gross":"6,94,50,000"},{"Name":"Dil Ne Jise Apna Kahaa","Release Date":"10 Sep 2004","Nett Gross":"6,85,00,000"},{"Name":"Dev","Release Date":"11 Jun 2004","Nett Gross":"6,83,00,000"},{"Name":"Plan","Release Date":"9 Jan 2004","Nett Gross":"6,40,50,000"},{"Name":"Rudraksh","Release Date":"13 Feb 2004","Nett Gross":"5,89,50,000"},{"Name":"Dil Maange More","Release Date":"31 Dec 2004","Nett Gross":"5,43,50,000"},{"Name":"Rakht","Release Date":"3 Sep 2004","Nett Gross":"5,34,00,000"},{"Name":"Kismat","Release Date":"20 Feb 2004","Nett Gross":"4,91,00,000"},{"Name":"Lakeer","Release Date":"14 May 2004","Nett Gross":"4,79,50,000"},{"Name":"Run","Release Date":"14 May 2004","Nett Gross":"4,74,50,000"},{"Name":"Ek Hasina Thi","Release Date":"16 Jan 2004","Nett Gross":"4,64,00,000"},{"Name":"Taarzan - The Wonder Car","Release Date":"6 Aug 2004","Nett Gross":"4,25,50,000"},{"Name":"Aetbaar","Release Date":"23 Jan 2004","Nett Gross":"4,25,00,000"},{"Name":"Krishna Cottage","Release Date":"16 Apr 2004","Nett Gross":"3,99,00,000"},{"Name":"Girlfriend","Release Date":"11 Jun 2004","Nett Gross":"3,94,00,000"},{"Name":"Tauba Tauba","Release Date":"1 Oct 2004","Nett Gross":"3,61,50,000"},{"Name":"Tumsa Nahin Dekha","Release Date":"24 Sep 2004","Nett Gross":"3,46,50,000"},{"Name":"Chameli","Release Date":"9 Jan 2004","Nett Gross":"3,19,50,000"},{"Name":"Naach","Release Date":"12 Nov 2004","Nett Gross":"3,16,00,000"},{"Name":"Asambhav","Release Date":"23 Jul 2004","Nett Gross":"3,12,50,000"},{"Name":"Madhoshi","Release Date":"24 Sep 2004","Nett Gross":"3,07,00,000"},{"Name":"Bardaasht","Release Date":"23 Apr 2004","Nett Gross":"2,96,50,000"},{"Name":"Tum - A Dangerous Obsession","Release Date":"20 Feb 2004","Nett Gross":"2,86,00,000"},{"Name":"Raincoat","Release Date":"24 Dec 2004","Nett Gross":"2,54,00,000"},{"Name":"Phir Milenge","Release Date":"27 Aug 2004","Nett Gross":"2,49,50,000"},{"Name":"Paap","Release Date":"30 Jan 2004","Nett Gross":"2,49,50,000"},{"Name":"I Proud To Be An Indian","Release Date":"13 Feb 2004","Nett Gross":"2,39,50,000"},{"Name":"No Entry","Release Date":"26 Aug 2005","Nett Gross":"44,72,00,000"},{"Name":"Bunty Aur Babli","Release Date":"27 May 2005","Nett Gross":"36,25,00,000"},{"Name":"Garam Masala","Release Date":"2 Nov 2005","Nett Gross":"29,00,00,000"},{"Name":"Mangal Pandey - The Rising","Release Date":"12 Aug 2005","Nett Gross":"27,86,00,000"},{"Name":"Salaam Namaste","Release Date":"9 Sep 2005","Nett Gross":"26,19,50,000"},{"Name":"Maine Pyaar Kyun Kiya?","Release Date":"15 Jul 2005","Nett Gross":"25,68,50,000"},{"Name":"Sarkar","Release Date":"1 Jul 2005","Nett Gross":"24,83,50,000"},{"Name":"Dus","Release Date":"8 Jul 2005","Nett Gross":"23,29,00,000"},{"Name":"Black","Release Date":"4 Feb 2005","Nett Gross":"23,18,75,000"},{"Name":"Waqt - The Race Against Time","Release Date":"22 Apr 2005","Nett Gross":"20,25,00,000"},{"Name":"Kaal","Release Date":"29 Apr 2005","Nett Gross":"19,09,00,000"},{"Name":"Bluffmaster","Release Date":"16 Dec 2005","Nett Gross":"18,28,00,000"},{"Name":"Bewafaa","Release Date":"25 Feb 2005","Nett Gross":"16,97,00,000"},{"Name":"Parineeta","Release Date":"10 Jun 2005","Nett Gross":"16,78,75,000"},{"Name":"Lucky - No Time for Love","Release Date":"1 Apr 2005","Nett Gross":"15,94,00,000"},{"Name":"Apaharan","Release Date":"2 Dec 2005","Nett Gross":"15,66,00,000"},{"Name":"Kyaa Kool Hai Hum","Release Date":"6 May 2005","Nett Gross":"15,34,00,000"},{"Name":"Deewane Huye Paagal","Release Date":"25 Nov 2005","Nett Gross":"15,17,00,000"},{"Name":"Paheli","Release Date":"24 Jun 2005","Nett Gross":"12,84,50,000"},{"Name":"Kyon Ki","Release Date":"3 Nov 2005","Nett Gross":"12,70,50,000"},{"Name":"Shaadi No. 1","Release Date":"3 Nov 2005","Nett Gross":"11,48,50,000"},{"Name":"Viruddh... Family Comes First","Release Date":"22 Jul 2005","Nett Gross":"10,07,00,000"},{"Name":"Barsaat","Release Date":"19 Aug 2005","Nett Gross":"9,91,00,000"},{"Name":"Page 3","Release Date":"21 Jan 2005","Nett Gross":"8,86,00,000"},{"Name":"Dosti - Friends Forever","Release Date":"23 Dec 2005","Nett Gross":"8,77,00,000"},{"Name":"Kisna","Release Date":"21 Jan 2005","Nett Gross":"8,22,00,000"},{"Name":"Jo Bole So Nihaal","Release Date":"13 May 2005","Nett Gross":"8,21,50,000"},{"Name":"Elaan","Release Date":"14 Jan 2005","Nett Gross":"7,51,50,000"},{"Name":"Zeher","Release Date":"25 Mar 2005","Nett Gross":"7,34,25,000"},{"Name":"Kalyug","Release Date":"9 Dec 2005","Nett Gross":"7,20,75,000"},{"Name":"Tango Charlie","Release Date":"25 Mar 2005","Nett Gross":"7,15,50,000"},{"Name":"Ek Ajnabee","Release Date":"9 Dec 2005","Nett Gross":"6,93,50,000"},{"Name":"Chocolate","Release Date":"23 Sep 2005","Nett Gross":"6,64,00,000"},{"Name":"Shikhar","Release Date":"30 Dec 2005","Nett Gross":"6,62,00,000"},{"Name":"Insan","Release Date":"14 Jan 2005","Nett Gross":"6,57,50,000"},{"Name":"Aashiq Banaye Aapne","Release Date":"2 Sep 2005","Nett Gross":"6,37,50,000"},{"Name":"Neal N Nikki","Release Date":"9 Dec 2005","Nett Gross":"6,06,00,000"},{"Name":"D","Release Date":"3 Jun 2005","Nett Gross":"5,93,50,000"},{"Name":"Vaah! Life Ho Toh Aisi!","Release Date":"23 Dec 2005","Nett Gross":"5,84,00,000"},{"Name":"Shabd","Release Date":"4 Feb 2005","Nett Gross":"5,47,00,000"},{"Name":"Vaada","Release Date":"7 Jan 2005","Nett Gross":"5,41,00,000"},{"Name":"Hanuman","Release Date":"21 Oct 2005","Nett Gross":"5,38,00,000"},{"Name":"Karam","Release Date":"11 Mar 2005","Nett Gross":"4,95,00,000"},{"Name":"Naina","Release Date":"20 May 2005","Nett Gross":"4,82,50,000"},{"Name":"Ek Khiladi Ek Haseena","Release Date":"18 Nov 2005","Nett Gross":"4,73,50,000"},{"Name":"Jurm","Release Date":"18 Feb 2005","Nett Gross":"4,23,50,000"},{"Name":"Blackmail","Release Date":"28 Jan 2005","Nett Gross":"4,14,00,000"},{"Name":"Iqbal","Release Date":"26 Aug 2005","Nett Gross":"3,85,50,000"},{"Name":"Bachke Rehna Re Baba","Release Date":"17 Jun 2005","Nett Gross":"3,67,00,000"},{"Name":"Mumbai Xpress","Release Date":"15 Apr 2005","Nett Gross":"3,50,00,000"},{"Name":"Dhoom 2","Release Date":"24 Nov 2006","Nett Gross":"81,00,50,000"},{"Name":"Lage Raho Munnabhai","Release Date":"1 Sep 2006","Nett Gross":"74,88,00,000"},{"Name":"Krrish","Release Date":"23 Jun 2006","Nett Gross":"72,15,50,000"},{"Name":"Rang De Basanti","Release Date":"26 Jan 2006","Nett Gross":"53,08,00,000"},{"Name":"Fanaa","Release Date":"26 May 2006","Nett Gross":"51,87,00,000"},{"Name":"Don - The Chase Begins Again","Release Date":"20 Oct 2006","Nett Gross":"50,34,50,000"},{"Name":"Kabhi Alvida Na Kehna","Release Date":"11 Aug 2006","Nett Gross":"44,40,50,000"},{"Name":"Phir Hera Pheri","Release Date":"9 Jun 2006","Nett Gross":"40,81,00,000"},{"Name":"Bhagam Bhag","Release Date":"22 Dec 2006","Nett Gross":"40,37,50,000"},{"Name":"Vivah","Release Date":"10 Nov 2006","Nett Gross":"31,56,25,000"},{"Name":"Golmaal - Fun Unlimited","Release Date":"14 Jul 2006","Nett Gross":"29,32,50,000"},{"Name":"Malamaal Weekly","Release Date":"10 Mar 2006","Nett Gross":"26,88,50,000"},{"Name":"Jaan-E-Mann","Release Date":"20 Oct 2006","Nett Gross":"25,12,50,000"},{"Name":"Omkara","Release Date":"28 Jul 2006","Nett Gross":"23,22,00,000"},{"Name":"36 China Town","Release Date":"5 May 2006","Nett Gross":"23,05,00,000"},{"Name":"Taxi Number 9 2 11","Release Date":"24 Feb 2006","Nett Gross":"19,58,50,000"},{"Name":"Baabul","Release Date":"8 Dec 2006","Nett Gross":"17,31,50,000"},{"Name":"Apna Sapna Money Money","Release Date":"10 Nov 2006","Nett Gross":"14,40,00,000"},{"Name":"Humko Deewana Kar Gaye","Release Date":"14 Apr 2006","Nett Gross":"14,12,50,000"},{"Name":"Chup Chup Ke","Release Date":"9 Jun 2006","Nett Gross":"13,74,50,000"},{"Name":"Gangster - A Love Story","Release Date":"28 Apr 2006","Nett Gross":"12,67,00,000"},{"Name":"Pyare Mohan","Release Date":"14 Apr 2006","Nett Gross":"11,79,50,000"},{"Name":"Kabul Express","Release Date":"15 Dec 2006","Nett Gross":"11,69,50,000"},{"Name":"Corporate","Release Date":"7 Jul 2006","Nett Gross":"10,32,00,000"},{"Name":"Shaadi Se Pehle","Release Date":"7 Apr 2006","Nett Gross":"10,19,50,000"},{"Name":"Zinda","Release Date":"13 Jan 2006","Nett Gross":"10,17,00,000"},{"Name":"Tom Dick and Harry","Release Date":"12 May 2006","Nett Gross":"9,22,00,000"},{"Name":"Family - Ties of Blood","Release Date":"13 Jan 2006","Nett Gross":"8,58,50,000"},{"Name":"Aksar","Release Date":"3 Feb 2006","Nett Gross":"8,58,00,000"},{"Name":"Pyaar Ke Side Effects","Release Date":"22 Sep 2006","Nett Gross":"8,32,50,000"},{"Name":"Umrao Jaan","Release Date":"3 Nov 2006","Nett Gross":"7,42,50,000"},{"Name":"Woh Lamhe","Release Date":"29 Sep 2006","Nett Gross":"6,80,00,000"},{"Name":"Naksha","Release Date":"8 Sep 2006","Nett Gross":"6,61,00,000"},{"Name":"Darna Zaroori Hai","Release Date":"28 Apr 2006","Nett Gross":"6,42,50,000"},{"Name":"Aap Ki Khatir","Release Date":"25 Aug 2006","Nett Gross":"6,38,50,000"},{"Name":"Anthony Kaun Hai?","Release Date":"4 Aug 2006","Nett Gross":"6,17,00,000"},{"Name":"Fight Club","Release Date":"17 Feb 2006","Nett Gross":"5,48,00,000"},{"Name":"Jawani Diwani - A Youtful Joyride","Release Date":"6 Jan 2006","Nett Gross":"4,72,00,000"},{"Name":"The Killer","Release Date":"21 Jul 2006","Nett Gross":"4,64,50,000"},{"Name":"Khosla Ka Ghosla","Release Date":"22 Sep 2006","Nett Gross":"4,59,25,000"},{"Name":"Teesri Aankh - The Hidden Camera","Release Date":"3 Mar 2006","Nett Gross":"4,15,50,000"},{"Name":"Being Cyrus","Release Date":"24 Mar 2006","Nett Gross":"3,90,50,000"},{"Name":"Saawan... The Love Season","Release Date":"7 Apr 2006","Nett Gross":"3,46,50,000"},{"Name":"Dor","Release Date":"22 Sep 2006","Nett Gross":"2,70,25,000"},{"Name":"Shiva","Release Date":"15 Nov 2006","Nett Gross":"2,43,50,000"},{"Name":"Mere Jeevan Saathi","Release Date":"3 Feb 2006","Nett Gross":"2,42,00,000"},{"Name":"Provoked","Release Date":"7 Apr 2006","Nett Gross":"2,41,00,000"},{"Name":"Dil Diya Hai","Release Date":"8 Sep 2006","Nett Gross":"2,31,00,000"},{"Name":"Rocky","Release Date":"22 Sep 2006","Nett Gross":"2,15,50,000"},{"Name":"Tathastu","Release Date":"12 May 2006","Nett Gross":"1,93,50,000"},{"Name":"Om Shanti Om","Release Date":"9 Nov 2007","Nett Gross":"78,16,50,000"},{"Name":"Welcome","Release Date":"21 Dec 2007","Nett Gross":"70,15,00,000"},{"Name":"Chak De India","Release Date":"10 Aug 2007","Nett Gross":"66,54,00,000"},{"Name":"Taare Zameen Par","Release Date":"21 Dec 2007","Nett Gross":"61,83,25,000"},{"Name":"Partner","Release Date":"20 Jul 2007","Nett Gross":"60,04,50,000"},{"Name":"Bhool Bhulaiyaa","Release Date":"12 Oct 2007","Nett Gross":"49,09,50,000"},{"Name":"Heyy Babyy","Release Date":"24 Aug 2007","Nett Gross":"47,12,00,000"},{"Name":"Guru","Release Date":"12 Jan 2007","Nett Gross":"45,49,00,000"},{"Name":"Ta Ra Rum Pum","Release Date":"27 Apr 2007","Nett Gross":"38,44,50,000"},{"Name":"Namastey London","Release Date":"23 Mar 2007","Nett Gross":"37,29,00,000"},{"Name":"Dhamaal","Release Date":"7 Sep 2007","Nett Gross":"32,51,25,000"},{"Name":"Jab We Met","Release Date":"26 Oct 2007","Nett Gross":"31,06,00,000"},{"Name":"Shootout At Lokhandwala","Release Date":"25 May 2007","Nett Gross":"29,72,50,000"},{"Name":"Jhoom Barabar Jhoom","Release Date":"15 Jun 2007","Nett Gross":"27,27,00,000"},{"Name":"Salaam-E-Ishq","Release Date":"26 Jan 2007","Nett Gross":"22,68,00,000"},{"Name":"Apne","Release Date":"29 Jun 2007","Nett Gross":"22,06,50,000"},{"Name":"Saawariya","Release Date":"9 Nov 2007","Nett Gross":"20,92,00,000"},{"Name":"Eklavya - The Royal Guard","Release Date":"16 Feb 2007","Nett Gross":"18,87,50,000"},{"Name":"Cash","Release Date":"3 Aug 2007","Nett Gross":"18,56,50,000"},{"Name":"Fool N Final","Release Date":"1 Jun 2007","Nett Gross":"17,82,25,000"},{"Name":"Laaga Chunari Mein Daag","Release Date":"12 Oct 2007","Nett Gross":"17,50,50,000"},{"Name":"Cheeni Kum","Release Date":"25 May 2007","Nett Gross":"17,30,00,000"},{"Name":"Dhol","Release Date":"21 Sep 2007","Nett Gross":"16,05,50,000"},{"Name":"Life In A Metro","Release Date":"11 May 2007","Nett Gross":"15,83,25,000"},{"Name":"Aaja Nachle","Release Date":"30 Nov 2007","Nett Gross":"14,07,00,000"},{"Name":"Dhan Dhana Dhan Goal","Release Date":"23 Nov 2007","Nett Gross":"13,87,00,000"},{"Name":"Naqaab","Release Date":"13 Jul 2007","Nett Gross":"12,69,00,000"},{"Name":"Aap Kaa Surroor","Release Date":"29 Jun 2007","Nett Gross":"12,42,50,000"},{"Name":"Honeymoon Travels Pvt. Ltd.","Release Date":"23 Feb 2007","Nett Gross":"11,62,00,000"},{"Name":"Bheja Fry","Release Date":"13 Apr 2007","Nett Gross":"8,98,00,000"},{"Name":"Traffic Signal","Release Date":"2 Feb 2007","Nett Gross":"8,48,00,000"},{"Name":"Dus Kahaniyaan","Release Date":"7 Dec 2007","Nett Gross":"7,78,00,000"},{"Name":"Awarapan","Release Date":"29 Jun 2007","Nett Gross":"7,75,50,000"},{"Name":"Nishabd","Release Date":"2 Mar 2007","Nett Gross":"7,53,00,000"},{"Name":"Ram Gopal Varma Ki Aag","Release Date":"31 Aug 2007","Nett Gross":"7,39,25,000"},{"Name":"Good Boy Bad Boy","Release Date":"11 May 2007","Nett Gross":"7,25,00,000"},{"Name":"Shaka Laka Boom Boom","Release Date":"6 Apr 2007","Nett Gross":"6,77,50,000"},{"Name":"The Train","Release Date":"8 Jun 2007","Nett Gross":"5,10,75,000"},{"Name":"Big Brother","Release Date":"13 Apr 2007","Nett Gross":"4,94,00,000"},{"Name":"Hattrick","Release Date":"16 Mar 2007","Nett Gross":"4,81,00,000"},{"Name":"Black Friday","Release Date":"9 Feb 2007","Nett Gross":"4,75,50,000"},{"Name":"Just Married","Release Date":"16 Mar 2007","Nett Gross":"4,17,00,000"},{"Name":"Johnny Gaddaar","Release Date":"28 Sep 2007","Nett Gross":"4,05,00,000"},{"Name":"Red - The Dark Side","Release Date":"9 Mar 2007","Nett Gross":"3,92,00,000"},{"Name":"Gandhi My Father","Release Date":"3 Aug 2007","Nett Gross":"3,41,75,000"},{"Name":"Nehlle Pe Dehlla","Release Date":"2 Mar 2007","Nett Gross":"3,29,00,000"},{"Name":"Buddha Mar Gaya","Release Date":"17 Aug 2007","Nett Gross":"2,94,75,000"},{"Name":"Darling","Release Date":"7 Sep 2007","Nett Gross":"2,90,50,000"},{"Name":"Kya Love Story Hai","Release Date":"20 Apr 2007","Nett Gross":"2,89,50,000"},{"Name":"Risk","Release Date":"19 Jan 2007","Nett Gross":"2,83,00,000"},{"Name":"Ghajini","Release Date":"25 Dec 2008","Nett Gross":"1,14,10,00,000"},{"Name":"Rab Ne Bana Di Jodi","Release Date":"12 Dec 2008","Nett Gross":"84,68,00,000"},{"Name":"Singh Is Kinng","Release Date":"8 Aug 2008","Nett Gross":"67,90,50,000"},{"Name":"Race","Release Date":"21 Mar 2008","Nett Gross":"60,83,00,000"},{"Name":"Jodhaa Akbar","Release Date":"15 Feb 2008","Nett Gross":"56,04,00,000"},{"Name":"Jaane Tu... Ya Jaane Na","Release Date":"4 Jul 2008","Nett Gross":"55,62,25,000"},{"Name":"Golmaal Returns","Release Date":"29 Oct 2008","Nett Gross":"51,12,00,000"},{"Name":"Dostana","Release Date":"14 Nov 2008","Nett Gross":"44,38,00,000"},{"Name":"Bachna Ae Haseeno","Release Date":"15 Aug 2008","Nett Gross":"36,19,00,000"},{"Name":"Sarkar Raj","Release Date":"6 Jun 2008","Nett Gross":"34,31,00,000"},{"Name":"Jannat","Release Date":"16 May 2008","Nett Gross":"30,10,00,000"},{"Name":"Tashan","Release Date":"25 Apr 2008","Nett Gross":"29,35,00,000"},{"Name":"Fashion","Release Date":"29 Oct 2008","Nett Gross":"26,45,50,000"},{"Name":"Rock On!!","Release Date":"29 Aug 2008","Nett Gross":"25,29,75,000"},{"Name":"Bhoothnath","Release Date":"9 May 2008","Nett Gross":"23,89,00,000"},{"Name":"Kismat Konnection","Release Date":"18 Jul 2008","Nett Gross":"22,76,50,000"},{"Name":"Mere Baap Pehle Aap","Release Date":"13 Jun 2008","Nett Gross":"22,70,50,000"},{"Name":"Thoda Pyaar Thoda Magic","Release Date":"27 Jun 2008","Nett Gross":"21,67,00,000"},{"Name":"U Me Aur Hum","Release Date":"11 Apr 2008","Nett Gross":"20,98,00,000"},{"Name":"Kidnap","Release Date":"2 Oct 2008","Nett Gross":"20,49,50,000"},{"Name":"Sunday","Release Date":"25 Jan 2008","Nett Gross":"20,30,00,000"},{"Name":"Krazzy 4","Release Date":"11 Apr 2008","Nett Gross":"19,59,00,000"},{"Name":"One Two Three","Release Date":"28 Mar 2008","Nett Gross":"17,12,00,000"},{"Name":"Yuvvraaj","Release Date":"21 Nov 2008","Nett Gross":"16,89,00,000"},{"Name":"Halla Bol","Release Date":"11 Jan 2008","Nett Gross":"12,74,50,000"},{"Name":"Heroes","Release Date":"24 Oct 2008","Nett Gross":"12,62,50,000"},{"Name":"God Tussi Great Ho","Release Date":"15 Aug 2008","Nett Gross":"12,51,00,000"},{"Name":"Hello","Release Date":"10 Oct 2008","Nett Gross":"12,10,50,000"},{"Name":"A Wednesday!","Release Date":"6 Sep 2008","Nett Gross":"11,72,50,000"},{"Name":"Love Story 2050","Release Date":"4 Jul 2008","Nett Gross":"11,00,50,000"},{"Name":"1920","Release Date":"12 Sep 2008","Nett Gross":"10,48,25,000"},{"Name":"Karzzzz","Release Date":"17 Oct 2008","Nett Gross":"10,33,50,000"},{"Name":"Welcome to Sajjanpur","Release Date":"20 Sep 2008","Nett Gross":"9,80,75,000"},{"Name":"Phoonk","Release Date":"22 Aug 2008","Nett Gross":"9,80,00,000"},{"Name":"Drona","Release Date":"2 Oct 2008","Nett Gross":"8,97,00,000"},{"Name":"De Taali","Release Date":"20 Jun 2008","Nett Gross":"8,48,50,000"},{"Name":"Ugly Aur Pagli","Release Date":"1 Aug 2008","Nett Gross":"7,13,00,000"},{"Name":"Oye Lucky! Lucky Oye!","Release Date":"28 Nov 2008","Nett Gross":"6,71,75,000"},{"Name":"Mission Istaanbul","Release Date":"25 Jul 2008","Nett Gross":"6,34,50,000"},{"Name":"Black & White","Release Date":"7 Mar 2008","Nett Gross":"5,30,50,000"},{"Name":"Mithya","Release Date":"8 Feb 2008","Nett Gross":"5,18,75,000"},{"Name":"EMI","Release Date":"7 Nov 2008","Nett Gross":"5,02,75,000"},{"Name":"Roadside Romeo","Release Date":"24 Oct 2008","Nett Gross":"4,54,00,000"},{"Name":"Money Hai Toh Honey Hai","Release Date":"25 Jul 2008","Nett Gross":"3,87,50,000"},{"Name":"Dil Kabaddi","Release Date":"5 Dec 2008","Nett Gross":"3,84,00,000"},{"Name":"Mumbai Meri Jaan","Release Date":"22 Aug 2008","Nett Gross":"3,53,75,000"},{"Name":"C Kkompany","Release Date":"29 Aug 2008","Nett Gross":"3,49,00,000"},{"Name":"Mr. White Mr. Black","Release Date":"2 May 2008","Nett Gross":"2,80,75,000"},{"Name":"Contract","Release Date":"18 Jul 2008","Nett Gross":"2,66,00,000"},{"Name":"Jumbo","Release Date":"25 Dec 2008","Nett Gross":"2,52,75,000"},{"Name":"3 Idiots","Release Date":"24 Dec 2009","Nett Gross":"2,01,37,25,000"},{"Name":"Love Aaj Kal","Release Date":"31 Jul 2009","Nett Gross":"66,56,00,000"},{"Name":"Ajab Prem Ki Ghazab Kahani","Release Date":"6 Nov 2009","Nett Gross":"62,84,75,000"},{"Name":"Wanted","Release Date":"18 Sep 2009","Nett Gross":"60,24,00,000"},{"Name":"De Dana Dan","Release Date":"27 Nov 2009","Nett Gross":"48,14,75,000"},{"Name":"Kambakkht Ishq","Release Date":"3 Jul 2009","Nett Gross":"47,09,00,000"},{"Name":"New York","Release Date":"26 Jun 2009","Nett Gross":"45,39,25,000"},{"Name":"Kaminey","Release Date":"14 Aug 2009","Nett Gross":"41,52,00,000"},{"Name":"All The Best - Fun Begins","Release Date":"16 Oct 2009","Nett Gross":"41,40,75,000"},{"Name":"Blue","Release Date":"16 Oct 2009","Nett Gross":"38,54,50,000"},{"Name":"Paa","Release Date":"4 Dec 2009","Nett Gross":"31,33,75,000"},{"Name":"Delhi 6","Release Date":"20 Feb 2009","Nett Gross":"30,69,50,000"},{"Name":"Chandni Chowk To China","Release Date":"16 Jan 2009","Nett Gross":"29,45,50,000"},{"Name":"Wake Up Sid","Release Date":"2 Oct 2009","Nett Gross":"27,94,50,000"},{"Name":"London Dreams","Release Date":"30 Oct 2009","Nett Gross":"25,69,25,000"},{"Name":"Raaz - The Mystery Continues","Release Date":"23 Jan 2009","Nett Gross":"25,49,50,000"},{"Name":"Kurbaan","Release Date":"20 Nov 2009","Nett Gross":"23,34,50,000"},{"Name":"Dil Bole Hadippa","Release Date":"18 Sep 2009","Nett Gross":"23,34,50,000"},{"Name":"Billu","Release Date":"13 Feb 2009","Nett Gross":"22,91,50,000"},{"Name":"Luck","Release Date":"24 Jul 2009","Nett Gross":"21,03,25,000"},{"Name":"Life Partner","Release Date":"14 Aug 2009","Nett Gross":"20,67,25,000"},{"Name":"Rocket Singh: Salesman Of The Year","Release Date":"11 Dec 2009","Nett Gross":"20,18,75,000"},{"Name":"Do Knot Disturb","Release Date":"2 Oct 2009","Nett Gross":"16,93,00,000"},{"Name":"8 x 10 Tasveer","Release Date":"3 Apr 2009","Nett Gross":"15,40,75,000"},{"Name":"Dev D","Release Date":"6 Feb 2009","Nett Gross":"15,30,25,000"},{"Name":"Luck By Chance","Release Date":"30 Jan 2009","Nett Gross":"12,25,00,000"},{"Name":"99","Release Date":"15 May 2009","Nett Gross":"10,78,00,000"},{"Name":"What's Your Raashee","Release Date":"25 Sep 2009","Nett Gross":"10,13,00,000"},{"Name":"Tum Mile","Release Date":"13 Nov 2009","Nett Gross":"9,07,75,000"},{"Name":"Short Kut - The Con Is On","Release Date":"10 Jul 2009","Nett Gross":"7,68,75,000"},{"Name":"Main Aurr Mrs. Khanna","Release Date":"16 Oct 2009","Nett Gross":"7,39,90,000"},{"Name":"13B","Release Date":"6 Mar 2009","Nett Gross":"7,36,50,000"},{"Name":"Ek - The Power Of One","Release Date":"27 Mar 2009","Nett Gross":"6,30,50,000"},{"Name":"Dhoondte Reh Jaoge","Release Date":"6 Mar 2009","Nett Gross":"6,29,75,000"},{"Name":"Aa Dekhen Zara","Release Date":"27 Mar 2009","Nett Gross":"6,16,00,000"},{"Name":"Jail","Release Date":"6 Nov 2009","Nett Gross":"6,12,10,000"},{"Name":"Aladin","Release Date":"30 Oct 2009","Nett Gross":"5,91,25,000"},{"Name":"Kal Kissne Dekha","Release Date":"12 Jun 2009","Nett Gross":"5,66,50,000"},{"Name":"Paying Guests","Release Date":"19 Jun 2009","Nett Gross":"5,54,50,000"},{"Name":"Agyaat","Release Date":"7 Aug 2009","Nett Gross":"5,33,00,000"},{"Name":"Aloo Chaat","Release Date":"20 Mar 2009","Nett Gross":"4,86,00,000"},{"Name":"Daddy Cool - Join The Fun","Release Date":"28 Aug 2009","Nett Gross":"4,43,75,000"},{"Name":"Gulaal","Release Date":"13 Mar 2009","Nett Gross":"4,30,50,000"},{"Name":"Acid Factory","Release Date":"9 Oct 2009","Nett Gross":"3,79,75,000"},{"Name":"Aagey Se Right","Release Date":"4 Sep 2009","Nett Gross":"3,03,50,000"},{"Name":"Fox","Release Date":"4 Sep 2009","Nett Gross":"2,86,50,000"},{"Name":"Jashnn","Release Date":"17 Jul 2009","Nett Gross":"2,83,50,000"},{"Name":"Jai Veeru","Release Date":"13 Mar 2009","Nett Gross":"2,79,25,000"},{"Name":"Teree Sang","Release Date":"7 Aug 2009","Nett Gross":"1,97,25,000"},{"Name":"Quick Gun Murugun","Release Date":"28 Aug 2009","Nett Gross":"1,87,00,000"},{"Name":"Dabangg","Release Date":"10 Sep 2010","Nett Gross":"1,41,24,50,000"},{"Name":"Golmaal 3","Release Date":"5 Nov 2010","Nett Gross":"1,08,06,00,000"},{"Name":"Raajneeti","Release Date":"4 Jun 2010","Nett Gross":"92,37,50,000"},{"Name":"My Name Is Khan","Release Date":"12 Feb 2010","Nett Gross":"72,82,50,000"},{"Name":"Housefull","Release Date":"30 Apr 2010","Nett Gross":"72,24,75,000"},{"Name":"Tees Maar Khan","Release Date":"24 Dec 2010","Nett Gross":"60,57,25,000"},{"Name":"Once Upon A Time In Mumbaai","Release Date":"30 Jul 2010","Nett Gross":"58,26,50,000"},{"Name":"Kites","Release Date":"20 May 2010","Nett Gross":"47,84,50,000"},{"Name":"I Hate Luv Storys","Release Date":"2 Jul 2010","Nett Gross":"43,46,75,000"},{"Name":"Anjaana Anjaani","Release Date":"1 Oct 2010","Nett Gross":"40,05,00,000"},{"Name":"Khatta Meetha","Release Date":"23 Jul 2010","Nett Gross":"39,13,25,000"},{"Name":"Veer","Release Date":"22 Jan 2010","Nett Gross":"38,14,00,000"},{"Name":"Badmaash Company","Release Date":"7 May 2010","Nett Gross":"32,87,25,000"},{"Name":"Guzaarish","Release Date":"19 Nov 2010","Nett Gross":"29,56,50,000"},{"Name":"Peepli [Live]","Release Date":"13 Aug 2010","Nett Gross":"29,28,75,000"},{"Name":"Atithi Tum Kab Jaoge?","Release Date":"5 Mar 2010","Nett Gross":"29,07,75,000"},{"Name":"Raavan","Release Date":"18 Jun 2010","Nett Gross":"28,97,75,000"},{"Name":"No Problem","Release Date":"10 Dec 2010","Nett Gross":"28,47,50,000"},{"Name":"Action Replayy","Release Date":"5 Nov 2010","Nett Gross":"28,12,50,000"},{"Name":"Band Baaja Baaraat","Release Date":"10 Dec 2010","Nett Gross":"23,16,50,000"},{"Name":"Lafangey Parindey","Release Date":"20 Aug 2010","Nett Gross":"22,43,25,000"},{"Name":"Ishqiya","Release Date":"29 Jan 2010","Nett Gross":"22,10,75,000"},{"Name":"We Are Family","Release Date":"2 Sep 2010","Nett Gross":"21,77,50,000"},{"Name":"Prince","Release Date":"9 Apr 2010","Nett Gross":"19,15,25,000"},{"Name":"Karthik Calling Karthik","Release Date":"26 Feb 2010","Nett Gross":"18,00,75,000"},{"Name":"Break Ke Baad","Release Date":"26 Nov 2010","Nett Gross":"16,86,25,000"},{"Name":"Aisha","Release Date":"6 Aug 2010","Nett Gross":"15,78,25,000"},{"Name":"Aakrosh","Release Date":"15 Oct 2010","Nett Gross":"13,05,00,000"},{"Name":"Paathshaala","Release Date":"16 Apr 2010","Nett Gross":"10,94,75,000"},{"Name":"Crook","Release Date":"8 Oct 2010","Nett Gross":"10,44,50,000"},{"Name":"Jhoota Hi Sahi","Release Date":"22 Oct 2010","Nett Gross":"9,82,75,000"},{"Name":"Chance Pe Dance","Release Date":"15 Jan 2010","Nett Gross":"9,34,00,000"},{"Name":"Lamhaa","Release Date":"16 Jul 2010","Nett Gross":"8,57,50,000"},{"Name":"Love Sex Aur Dhokha","Release Date":"19 Mar 2010","Nett Gross":"8,48,75,000"},{"Name":"Rakht Charitra","Release Date":"22 Oct 2010","Nett Gross":"8,16,75,000"},{"Name":"Rann","Release Date":"29 Jan 2010","Nett Gross":"8,12,25,000"},{"Name":"Shaapit","Release Date":"19 Mar 2010","Nett Gross":"7,59,50,000"},{"Name":"Tere Bin Laden","Release Date":"16 Jul 2010","Nett Gross":"7,22,50,000"},{"Name":"Phoonk 2","Release Date":"16 Apr 2010","Nett Gross":"6,72,25,000"},{"Name":"Milenge Milenge","Release Date":"9 Jul 2010","Nett Gross":"6,57,50,000"},{"Name":"Knock Out","Release Date":"15 Oct 2010","Nett Gross":"6,24,75,000"},{"Name":"Khichdi The Movie","Release Date":"1 Oct 2010","Nett Gross":"5,93,75,000"},{"Name":"Pyaar Impossible!","Release Date":"8 Jan 2010","Nett Gross":"5,89,50,000"},{"Name":"Hisss","Release Date":"22 Oct 2010","Nett Gross":"5,32,25,000"},{"Name":"Hum Tum Aur Ghost","Release Date":"26 Mar 2010","Nett Gross":"4,88,50,000"},{"Name":"Teen Patti","Release Date":"26 Feb 2010","Nett Gross":"4,76,50,000"},{"Name":"Khelein Hum Jee Jaan Sey","Release Date":"3 Dec 2010","Nett Gross":"4,66,25,000"},{"Name":"Do Dooni Chaar","Release Date":"8 Oct 2010","Nett Gross":"4,22,75,000"},{"Name":"Jaane Kahan Se Aayi Hai","Release Date":"9 Apr 2010","Nett Gross":"3,86,75,000"},{"Name":"Toonpur Ka Superrhero","Release Date":"24 Dec 2010","Nett Gross":"3,56,75,000"},{"Name":"Bodyguard","Release Date":"31 Aug 2011","Nett Gross":"1,44,78,00,000"},{"Name":"Ready","Release Date":"3 Jun 2011","Nett Gross":"1,20,72,25,000"},{"Name":"Ra.One","Release Date":"26 Oct 2011","Nett Gross":"1,13,94,75,000"},{"Name":"Don 2","Release Date":"23 Dec 2011","Nett Gross":"1,06,44,00,000"},{"Name":"Singham","Release Date":"22 Jul 2011","Nett Gross":"98,38,00,000"},{"Name":"Zindagi Na Milegi Dobara","Release Date":"15 Jul 2011","Nett Gross":"89,96,00,000"},{"Name":"The Dirty Picture","Release Date":"2 Dec 2011","Nett Gross":"79,77,75,000"},{"Name":"Rockstar","Release Date":"11 Nov 2011","Nett Gross":"68,61,50,000"},{"Name":"Mere Brother Ki Dulhan","Release Date":"9 Sep 2011","Nett Gross":"57,40,50,000"},{"Name":"Yamla Pagla Deewana","Release Date":"14 Jan 2011","Nett Gross":"54,93,75,000"},{"Name":"Delhi Belly","Release Date":"1 Jul 2011","Nett Gross":"54,83,75,000"},{"Name":"Murder 2","Release Date":"8 Jul 2011","Nett Gross":"47,98,00,000"},{"Name":"Desi Boyz","Release Date":"25 Nov 2011","Nett Gross":"45,92,00,000"},{"Name":"Double Dhamaal","Release Date":"24 Jun 2011","Nett Gross":"45,05,50,000"},{"Name":"Thank You","Release Date":"8 Apr 2011","Nett Gross":"45,03,25,000"},{"Name":"Aarakshan","Release Date":"12 Aug 2011","Nett Gross":"41,89,00,000"},{"Name":"Tanu Weds Manu","Release Date":"25 Feb 2011","Nett Gross":"38,52,25,000"},{"Name":"Rascals","Release Date":"6 Oct 2011","Nett Gross":"33,34,25,000"},{"Name":"Patiala House","Release Date":"11 Feb 2011","Nett Gross":"32,81,00,000"},{"Name":"Dum Maaro Dum","Release Date":"22 Apr 2011","Nett Gross":"31,84,25,000"},{"Name":"Mausam","Release Date":"23 Sep 2011","Nett Gross":"31,56,25,000"},{"Name":"Ladies vs Ricky Bahl","Release Date":"9 Dec 2011","Nett Gross":"30,75,75,000"},{"Name":"No One Killed Jessica","Release Date":"7 Jan 2011","Nett Gross":"29,12,50,000"},{"Name":"Dil Toh Baccha Hai Ji","Release Date":"28 Jan 2011","Nett Gross":"28,21,25,000"},{"Name":"Haunted 3D","Release Date":"6 May 2011","Nett Gross":"26,39,00,000"},{"Name":"Force","Release Date":"30 Sep 2011","Nett Gross":"25,71,25,000"},{"Name":"F.A.L.T.U","Release Date":"1 Apr 2011","Nett Gross":"24,22,50,000"},{"Name":"7 Khoon Maaf","Release Date":"18 Feb 2011","Nett Gross":"19,26,00,000"},{"Name":"Bbuddah Hoga Terra Baap","Release Date":"1 Jul 2011","Nett Gross":"15,17,25,000"},{"Name":"Dhobi Ghat","Release Date":"21 Jan 2011","Nett Gross":"13,67,25,000"},{"Name":"Pyaar Ka Punchnama","Release Date":"20 May 2011","Nett Gross":"12,58,25,000"},{"Name":"Yeh Saali Zindagi","Release Date":"4 Feb 2011","Nett Gross":"10,94,75,000"},{"Name":"Ragini MMS","Release Date":"13 May 2011","Nett Gross":"10,70,75,000"},{"Name":"Chalo Dilli","Release Date":"29 Apr 2011","Nett Gross":"9,83,75,000"},{"Name":"Bheja Fry 2","Release Date":"17 Jun 2011","Nett Gross":"9,13,25,000"},{"Name":"Shaitan","Release Date":"10 Jun 2011","Nett Gross":"8,26,50,000"},{"Name":"Saheb Biwi Aur Gangster","Release Date":"30 Sep 2011","Nett Gross":"7,55,25,000"},{"Name":"Game","Release Date":"1 Apr 2011","Nett Gross":"7,40,75,000"},{"Name":"Luv Ka The End","Release Date":"6 May 2011","Nett Gross":"5,86,75,000"},{"Name":"Stanley Ka Dabba","Release Date":"13 May 2011","Nett Gross":"5,55,75,000"},{"Name":"Mujhse Fraaandship Karoge","Release Date":"14 Oct 2011","Nett Gross":"4,86,75,000"},{"Name":"Shor In The City","Release Date":"29 Apr 2011","Nett Gross":"4,31,25,000"},{"Name":"Not A Love Story","Release Date":"19 Aug 2011","Nett Gross":"4,20,50,000"},{"Name":"Chillar Party","Release Date":"8 Jul 2011","Nett Gross":"4,10,75,000"},{"Name":"Loot","Release Date":"4 Nov 2011","Nett Gross":"3,19,80,000"},{"Name":"Always Kabhi Kabhi","Release Date":"17 Jun 2011","Nett Gross":"3,07,75,000"},{"Name":"Kucch Luv Jaisa","Release Date":"27 May 2011","Nett Gross":"2,78,75,000"},{"Name":"Speedy Singhs","Release Date":"23 Sep 2011","Nett Gross":"2,56,35,000"},{"Name":"Teen Thay Bhai","Release Date":"15 Apr 2011","Nett Gross":"2,47,00,000"},{"Name":"Chatur Singh Two Star","Release Date":"19 Aug 2011","Nett Gross":"2,33,00,000"},{"Name":"Ek Tha Tiger","Release Date":"15 Aug 2012","Nett Gross":"1,86,14,50,000"},{"Name":"Dabangg 2","Release Date":"21 Dec 2012","Nett Gross":"1,49,52,00,000"},{"Name":"Rowdy Rathore","Release Date":"1 Jun 2012","Nett Gross":"1,31,21,50,000"},{"Name":"Agneepath","Release Date":"26 Jan 2012","Nett Gross":"1,19,98,25,000"},{"Name":"Housefull 2","Release Date":"6 Apr 2012","Nett Gross":"1,11,79,25,000"},{"Name":"Barfi!","Release Date":"14 Sep 2012","Nett Gross":"1,05,57,00,000"},{"Name":"Jab Tak Hai Jaan","Release Date":"13 Nov 2012","Nett Gross":"1,01,59,00,000"},{"Name":"Bol Bachchan","Release Date":"6 Jul 2012","Nett Gross":"1,00,05,25,000"},{"Name":"Talaash","Release Date":"30 Nov 2012","Nett Gross":"91,23,50,000"},{"Name":"Son Of Sardaar","Release Date":"13 Nov 2012","Nett Gross":"88,68,00,000"},{"Name":"OMG! Oh My God","Release Date":"28 Sep 2012","Nett Gross":"81,43,50,000"},{"Name":"Cocktail","Release Date":"13 Jul 2012","Nett Gross":"74,48,00,000"},{"Name":"Raaz 3","Release Date":"7 Sep 2012","Nett Gross":"67,40,50,000"},{"Name":"Khiladi 786","Release Date":"7 Dec 2012","Nett Gross":"64,54,50,000"},{"Name":"Student Of The Year","Release Date":"19 Oct 2012","Nett Gross":"62,94,00,000"},{"Name":"Kahaani","Release Date":"9 Mar 2012","Nett Gross":"57,81,25,000"},{"Name":"Ishaqzaade","Release Date":"11 May 2012","Nett Gross":"46,38,50,000"},{"Name":"Agent Vinod","Release Date":"23 Mar 2012","Nett Gross":"43,95,50,000"},{"Name":"Jannat 2","Release Date":"4 May 2012","Nett Gross":"42,98,00,000"},{"Name":"Kyaa Super Kool Hain Hum","Release Date":"27 Jul 2012","Nett Gross":"42,03,50,000"},{"Name":"Vicky Donor","Release Date":"20 Apr 2012","Nett Gross":"41,00,00,000"},{"Name":"Ek Main Aur Ekk Tu","Release Date":"10 Feb 2012","Nett Gross":"40,10,00,000"},{"Name":"English Vinglish","Release Date":"5 Oct 2012","Nett Gross":"38,92,00,000"},{"Name":"Jism 2","Release Date":"2 Aug 2012","Nett Gross":"35,19,00,000"},{"Name":"Heroine","Release Date":"21 Sep 2012","Nett Gross":"33,82,00,000"},{"Name":"Ferrari Ki Sawaari","Release Date":"15 Jun 2012","Nett Gross":"30,52,50,000"},{"Name":"Players","Release Date":"6 Jan 2012","Nett Gross":"29,90,25,000"},{"Name":"Gangs Of Wasseypur 1","Release Date":"22 Jun 2012","Nett Gross":"28,02,00,000"},{"Name":"Teri Meri Kahaani","Release Date":"22 Jun 2012","Nett Gross":"27,48,50,000"},{"Name":"Shanghai","Release Date":"8 Jun 2012","Nett Gross":"23,59,50,000"},{"Name":"Gangs Of Wasseypur 2","Release Date":"8 Aug 2012","Nett Gross":"22,96,00,000"},{"Name":"1920 - Evil Returns","Release Date":"2 Nov 2012","Nett Gross":"20,53,75,000"},{"Name":"Joker","Release Date":"31 Aug 2012","Nett Gross":"20,22,75,000"},{"Name":"Tere Naal Love Ho Gaya","Release Date":"24 Feb 2012","Nett Gross":"19,45,00,000"},{"Name":"Chakravyuh","Release Date":"24 Oct 2012","Nett Gross":"17,03,25,000"},{"Name":"Tezz","Release Date":"27 Apr 2012","Nett Gross":"15,91,50,000"},{"Name":"Paan Singh Tomar","Release Date":"2 Mar 2012","Nett Gross":"14,61,50,000"},{"Name":"Shirin Farhad Ki Toh Nikal Padi","Release Date":"24 Aug 2012","Nett Gross":"12,49,25,000"},{"Name":"Hate Story","Release Date":"20 Apr 2012","Nett Gross":"12,01,75,000"},{"Name":"Department","Release Date":"18 May 2012","Nett Gross":"11,89,00,000"},{"Name":"Jodi Breakers","Release Date":"24 Feb 2012","Nett Gross":"9,65,25,000"},{"Name":"Blood Money","Release Date":"30 Mar 2012","Nett Gross":"8,54,50,000"},{"Name":"Ajab Gazabb Love","Release Date":"26 Oct 2012","Nett Gross":"6,96,25,000"},{"Name":"Ghost","Release Date":"13 Jan 2012","Nett Gross":"6,91,25,000"},{"Name":"Kamaal Dhamaal Malamaal","Release Date":"28 Sep 2012","Nett Gross":"6,58,25,000"},{"Name":"Luv Shuv Tey Chicken Khurana","Release Date":"2 Nov 2012","Nett Gross":"6,41,75,000"},{"Name":"London Paris New York","Release Date":"2 Mar 2012","Nett Gross":"6,38,00,000"},{"Name":"Aiyyaa","Release Date":"12 Oct 2012","Nett Gross":"6,07,00,000"},{"Name":"Dangerous Ishhq","Release Date":"11 May 2012","Nett Gross":"5,75,50,000"},{"Name":"Ekk Deewana Tha","Release Date":"17 Feb 2012","Nett Gross":"5,61,50,000"},{"Name":"Dhoom 3","Release Date":"20 Dec 2013","Nett Gross":"2,60,63,00,000"},{"Name":"Chennai Express","Release Date":"8 Aug 2013","Nett Gross":"2,07,69,00,000"},{"Name":"Yeh Jawaani Hai Deewani","Release Date":"31 May 2013","Nett Gross":"1,77,99,00,000"},{"Name":"Krrish 3","Release Date":"1 Nov 2013","Nett Gross":"1,75,83,50,000"},{"Name":"Goliyon Ki Raasleela Ram - Leela","Release Date":"15 Nov 2013","Nett Gross":"1,12,97,50,000"},{"Name":"Bhaag Milkha Bhaag","Release Date":"12 Jul 2013","Nett Gross":"1,09,18,50,000"},{"Name":"Race 2","Release Date":"25 Jan 2013","Nett Gross":"93,48,50,000"},{"Name":"Grand Masti","Release Date":"13 Sep 2013","Nett Gross":"91,65,50,000"},{"Name":"Aashiqui 2","Release Date":"26 Apr 2013","Nett Gross":"78,64,00,000"},{"Name":"R... Rajkumar","Release Date":"6 Dec 2013","Nett Gross":"65,99,00,000"},{"Name":"Special 26","Release Date":"8 Feb 2013","Nett Gross":"65,47,50,000"},{"Name":"Raanjhanaa","Release Date":"21 Jun 2013","Nett Gross":"61,63,00,000"},{"Name":"Once Upon A Time In Mumbaai Dobaara!","Release Date":"15 Aug 2013","Nett Gross":"58,49,00,000"},{"Name":"Besharam","Release Date":"2 Oct 2013","Nett Gross":"56,82,50,000"},{"Name":"Satyagraha","Release Date":"30 Aug 2013","Nett Gross":"55,08,50,000"},{"Name":"Shootout At Wadala","Release Date":"3 May 2013","Nett Gross":"53,59,50,000"},{"Name":"Boss","Release Date":"16 Oct 2013","Nett Gross":"49,89,00,000"},{"Name":"Shuddh Desi Romance","Release Date":"6 Sep 2013","Nett Gross":"46,26,00,000"},{"Name":"Madras Cafe","Release Date":"23 Aug 2013","Nett Gross":"43,84,50,000"},{"Name":"Kai Po Che","Release Date":"22 Feb 2013","Nett Gross":"43,58,00,000"},{"Name":"Himmatwala","Release Date":"29 Mar 2013","Nett Gross":"42,47,00,000"},{"Name":"Chasme Baddoor","Release Date":"5 Apr 2013","Nett Gross":"42,16,00,000"},{"Name":"ABCD - Any Body Can Dance","Release Date":"8 Feb 2013","Nett Gross":"39,34,00,000"},{"Name":"Matru Ki Bijlee Ka Mandola","Release Date":"11 Jan 2013","Nett Gross":"38,89,00,000"},{"Name":"Phata Poster Nikhla Hero","Release Date":"20 Sep 2013","Nett Gross":"38,42,50,000"},{"Name":"Fukrey","Release Date":"14 Jun 2013","Nett Gross":"34,86,50,000"},{"Name":"Bullet Raja","Release Date":"29 Nov 2013","Nett Gross":"32,75,00,000"},{"Name":"Yamla Pagla Deewana 2","Release Date":"7 Jun 2013","Nett Gross":"30,77,00,000"},{"Name":"Jolly LLB","Release Date":"15 Mar 2013","Nett Gross":"30,32,00,000"},{"Name":"Ghanchakkar","Release Date":"28 Jun 2013","Nett Gross":"28,16,75,000"},{"Name":"Lootera","Release Date":"5 Jul 2013","Nett Gross":"27,86,25,000"},{"Name":"Ek Thi Daayan","Release Date":"19 Apr 2013","Nett Gross":"26,81,00,000"},{"Name":"Ramaiya Vastavaiya","Release Date":"19 Jul 2013","Nett Gross":"26,61,00,000"},{"Name":"Go Goa Gone","Release Date":"10 May 2013","Nett Gross":"24,24,00,000"},{"Name":"Aurangzeb","Release Date":"17 May 2013","Nett Gross":"22,74,25,000"},{"Name":"Nautanki Saala","Release Date":"12 Apr 2013","Nett Gross":"22,32,00,000"},{"Name":"Saheb Biwi Aur Gangster Returns","Release Date":"8 Mar 2013","Nett Gross":"21,27,00,000"},{"Name":"Singh Saab The Great","Release Date":"22 Nov 2013","Nett Gross":"21,16,00,000"},{"Name":"The Lunchbox","Release Date":"20 Sep 2013","Nett Gross":"20,85,00,000"},{"Name":"Commando","Release Date":"12 Apr 2013","Nett Gross":"19,89,00,000"},{"Name":"Murder 3","Release Date":"15 Feb 2013","Nett Gross":"18,51,00,000"},{"Name":"D Day","Release Date":"19 Jul 2013","Nett Gross":"18,42,00,000"},{"Name":"Zilla Ghaziabad","Release Date":"22 Feb 2013","Nett Gross":"15,65,50,000"},{"Name":"The Attacks Of 26/11","Release Date":"1 Mar 2013","Nett Gross":"15,42,00,000"},{"Name":"Policegiri","Release Date":"5 Jul 2013","Nett Gross":"14,86,50,000"},{"Name":"Gori Tere Pyaar Mein","Release Date":"22 Nov 2013","Nett Gross":"14,01,75,000"},{"Name":"Vishwaroop","Release Date":"1 Feb 2013","Nett Gross":"13,10,50,000"},{"Name":"Zanjeer","Release Date":"6 Sep 2013","Nett Gross":"13,07,00,000"},{"Name":"Table No. 21","Release Date":"4 Jan 2013","Nett Gross":"11,96,50,000"},{"Name":"Mere Dad Ki Maruti","Release Date":"15 Mar 2013","Nett Gross":"10,54,50,000"},{"Name":"PK","Release Date":"19 Dec 2014","Nett Gross":"3,37,72,50,000"},{"Name":"Kick","Release Date":"25 Jul 2014","Nett Gross":"2,11,63,00,000"},{"Name":"Happy New Year","Release Date":"24 Oct 2014","Nett Gross":"1,78,41,00,000"},{"Name":"Bang Bang","Release Date":"2 Oct 2014","Nett Gross":"1,41,06,50,000"},{"Name":"Singham Returns","Release Date":"15 Aug 2014","Nett Gross":"1,40,15,00,000"},{"Name":"Holiday - A Soldier Is Never Off Duty","Release Date":"6 Jun 2014","Nett Gross":"1,12,44,00,000"},{"Name":"Jai Ho","Release Date":"24 Jan 2014","Nett Gross":"1,09,35,50,000"},{"Name":"2 States","Release Date":"18 Apr 2014","Nett Gross":"1,01,86,00,000"},{"Name":"Ek Villain","Release Date":"27 Jun 2014","Nett Gross":"97,51,50,000"},{"Name":"Gunday","Release Date":"14 Feb 2014","Nett Gross":"73,28,00,000"},{"Name":"Humpty Sharma Ki Dulhania","Release Date":"11 Jul 2014","Nett Gross":"72,80,50,000"},{"Name":"Entertainment","Release Date":"8 Aug 2014","Nett Gross":"64,29,50,000"},{"Name":"Queen","Release Date":"7 Mar 2014","Nett Gross":"61,47,50,000"},{"Name":"Mary Kom","Release Date":"5 Sep 2014","Nett Gross":"61,43,00,000"},{"Name":"Action Jackson","Release Date":"5 Dec 2014","Nett Gross":"57,44,00,000"},{"Name":"Main Tera Hero","Release Date":"4 Apr 2014","Nett Gross":"53,17,50,000"},{"Name":"Humshakals","Release Date":"20 Jun 2014","Nett Gross":"52,73,50,000"},{"Name":"Heropanti","Release Date":"23 May 2014","Nett Gross":"50,51,50,000"},{"Name":"Haider","Release Date":"2 Oct 2014","Nett Gross":"49,19,00,000"},{"Name":"Ragini MMS 2","Release Date":"21 Mar 2014","Nett Gross":"46,56,50,000"},{"Name":"Yaariyan","Release Date":"10 Jan 2014","Nett Gross":"38,45,50,000"},{"Name":"Shaadi Ke Side Effects","Release Date":"28 Feb 2014","Nett Gross":"38,31,00,000"},{"Name":"Hasee Toh Phasee","Release Date":"7 Feb 2014","Nett Gross":"36,56,25,000"},{"Name":"Mardaani","Release Date":"22 Aug 2014","Nett Gross":"35,83,00,000"},{"Name":"Bhoothnath Returns","Release Date":"11 Apr 2014","Nett Gross":"33,97,50,000"},{"Name":"Kill Dil","Release Date":"14 Nov 2014","Nett Gross":"29,98,75,000"},{"Name":"Highway","Release Date":"21 Feb 2014","Nett Gross":"28,43,00,000"},{"Name":"Finding Fanny","Release Date":"12 Sep 2014","Nett Gross":"28,23,00,000"},{"Name":"Daawat E Ishq","Release Date":"19 Sep 2014","Nett Gross":"25,58,00,000"},{"Name":"Khoobsurat","Release Date":"19 Sep 2014","Nett Gross":"25,33,75,000"},{"Name":"Dedh Ishqiya","Release Date":"10 Jan 2014","Nett Gross":"25,27,00,000"},{"Name":"Raja Natwarlal","Release Date":"29 Aug 2014","Nett Gross":"23,59,50,000"},{"Name":"Hate Story 2","Release Date":"18 Jul 2014","Nett Gross":"22,90,50,000"},{"Name":"Happy Ending","Release Date":"21 Nov 2014","Nett Gross":"22,31,25,000"},{"Name":"The Shaukeens","Release Date":"7 Nov 2014","Nett Gross":"18,34,50,000"},{"Name":"Ungli","Release Date":"28 Nov 2014","Nett Gross":"16,45,50,000"},{"Name":"Creature 3D","Release Date":"12 Sep 2014","Nett Gross":"14,50,50,000"},{"Name":"Bewakoofiyaan","Release Date":"14 Mar 2014","Nett Gross":"13,94,00,000"},{"Name":"Bobby Jasoos","Release Date":"4 Jul 2014","Nett Gross":"11,93,50,000"},{"Name":"Fugly","Release Date":"13 Jun 2014","Nett Gross":"10,76,75,000"},{"Name":"Gulaab Gang","Release Date":"7 Mar 2014","Nett Gross":"10,42,50,000"},{"Name":"Roar - Tigers Of The Sundarbans","Release Date":"31 Oct 2014","Nett Gross":"9,91,25,000"},{"Name":"The Xpose","Release Date":"16 May 2014","Nett Gross":"9,63,00,000"},{"Name":"Revolver Rani","Release Date":"25 Apr 2014","Nett Gross":"8,89,50,000"},{"Name":"Hawaa Hawaai","Release Date":"9 May 2014","Nett Gross":"8,36,75,000"},{"Name":"Youngistaan","Release Date":"28 Mar 2014","Nett Gross":"6,98,50,000"},{"Name":"Filmistaan","Release Date":"6 Jun 2014","Nett Gross":"6,76,25,000"},{"Name":"Citylights","Release Date":"30 May 2014","Nett Gross":"6,61,50,000"},{"Name":"Ugly","Release Date":"26 Dec 2014","Nett Gross":"6,23,50,000"},{"Name":"Zid","Release Date":"28 Nov 2014","Nett Gross":"6,02,50,000"},{"Name":"Bajrangi Bhaijaan","Release Date":"17 Jul 2015","Nett Gross":"3,15,49,00,000"},{"Name":"Prem Ratan Dhan Payo","Release Date":"12 Nov 2015","Nett Gross":"1,94,30,50,000"},{"Name":"Bajirao Mastani","Release Date":"18 Dec 2015","Nett Gross":"1,83,75,00,000"},{"Name":"Tanu Weds Manu Returns","Release Date":"22 May 2015","Nett Gross":"1,48,84,75,000"},{"Name":"Dilwale","Release Date":"18 Dec 2015","Nett Gross":"1,39,97,50,000"},{"Name":"ABCD 2","Release Date":"19 Jun 2015","Nett Gross":"1,03,58,50,000"},{"Name":"Welcome Back","Release Date":"4 Sep 2015","Nett Gross":"95,92,50,000"},{"Name":"Gabbar Is Back","Release Date":"1 May 2015","Nett Gross":"86,85,50,000"},{"Name":"Baby","Release Date":"23 Jan 2015","Nett Gross":"81,83,50,000"},{"Name":"Piku - Motion Se Hi Emotion","Release Date":"8 May 2015","Nett Gross":"78,38,50,000"},{"Name":"Dil Dhadakne Do","Release Date":"5 Jun 2015","Nett Gross":"75,05,25,000"},{"Name":"Singh Is Bling","Release Date":"2 Oct 2015","Nett Gross":"71,07,50,000"},{"Name":"Brothers","Release Date":"14 Aug 2015","Nett Gross":"70,65,50,000"},{"Name":"Drishyam","Release Date":"31 Jul 2015","Nett Gross":"68,66,50,000"},{"Name":"Tamasha","Release Date":"27 Nov 2015","Nett Gross":"68,55,50,000"},{"Name":"Pyaar Ka Punchnama 2","Release Date":"16 Oct 2015","Nett Gross":"60,38,25,000"},{"Name":"Phantom","Release Date":"28 Aug 2015","Nett Gross":"51,44,50,000"},{"Name":"Badlapur","Release Date":"20 Feb 2015","Nett Gross":"49,62,00,000"},{"Name":"Hate Story 3","Release Date":"4 Dec 2015","Nett Gross":"43,57,50,000"},{"Name":"Kis Kisko Pyaar Karoon","Release Date":"25 Sep 2015","Nett Gross":"42,12,00,000"},{"Name":"Shaandaar","Release Date":"22 Oct 2015","Nett Gross":"39,48,25,000"},{"Name":"Roy","Release Date":"13 Feb 2015","Nett Gross":"35,87,00,000"},{"Name":"Tevar","Release Date":"9 Jan 2015","Nett Gross":"35,55,00,000"},{"Name":"Hamari Adhuri Kahani","Release Date":"12 Jun 2015","Nett Gross":"32,99,00,000"},{"Name":"NH 10","Release Date":"13 Mar 2015","Nett Gross":"31,53,25,000"},{"Name":"Hero","Release Date":"11 Sep 2015","Nett Gross":"31,32,25,000"},{"Name":"Talvar","Release Date":"2 Oct 2015","Nett Gross":"30,36,25,000"},{"Name":"Dum Laga Ke Haisha","Release Date":"27 Feb 2015","Nett Gross":"30,26,25,000"},{"Name":"Detective Byomkesh Bakshy","Release Date":"3 Apr 2015","Nett Gross":"26,21,50,000"},{"Name":"Katti Batti","Release Date":"18 Sep 2015","Nett Gross":"23,75,50,000"},{"Name":"Bombay Velvet","Release Date":"15 May 2015","Nett Gross":"22,80,25,000"},{"Name":"Jazbaa","Release Date":"9 Oct 2015","Nett Gross":"22,47,50,000"},{"Name":"Shamitabh","Release Date":"6 Feb 2015","Nett Gross":"21,74,50,000"},{"Name":"Mr. X","Release Date":"17 Apr 2015","Nett Gross":"19,34,75,000"},{"Name":"Alone","Release Date":"16 Jan 2015","Nett Gross":"18,71,00,000"},{"Name":"Ek Paheli Leela","Release Date":"10 Apr 2015","Nett Gross":"18,51,50,000"},{"Name":"Manjhi - The Mountain Man","Release Date":"21 Aug 2015","Nett Gross":"13,53,50,000"},{"Name":"MSG - The Messenger Of God","Release Date":"13 Feb 2015","Nett Gross":"12,92,50,000"},{"Name":"Hunterrr","Release Date":"20 Mar 2015","Nett Gross":"12,86,50,000"},{"Name":"MSG 2 - The Messenger","Release Date":"18 Sep 2015","Nett Gross":"12,65,25,000"},{"Name":"All Is Well","Release Date":"21 Aug 2015","Nett Gross":"12,53,25,000"},{"Name":"Dolly Ki Doli","Release Date":"23 Jan 2015","Nett Gross":"11,24,50,000"},{"Name":"Khamoshiyan","Release Date":"30 Jan 2015","Nett Gross":"9,63,00,000"},{"Name":"Dharam Sankat Mein","Release Date":"10 Apr 2015","Nett Gross":"9,06,50,000"},{"Name":"Welcome 2 Karachi","Release Date":"29 May 2015","Nett Gross":"9,01,50,000"},{"Name":"Ab Tak Chhappan 2","Release Date":"27 Feb 2015","Nett Gross":"6,90,00,000"},{"Name":"Guddu Rangeela","Release Date":"3 Jul 2015","Nett Gross":"6,39,50,000"},{"Name":"Dirty Politics","Release Date":"6 Mar 2015","Nett Gross":"6,22,00,000"},{"Name":"Calendar Girls","Release Date":"25 Sep 2015","Nett Gross":"5,89,50,000"},{"Name":"Main Aur Charles","Release Date":"30 Oct 2015","Nett Gross":"5,85,00,000"},{"Name":"Dangal","Release Date":"23 Dec 2016","Nett Gross":"3,74,50,00,000"},{"Name":"Sultan","Release Date":"6 Jul 2016","Nett Gross":"3,00,67,25,000"},{"Name":"Rustom","Release Date":"12 Aug 2016","Nett Gross":"1,24,45,00,000"},{"Name":"Airlift","Release Date":"22 Jan 2016","Nett Gross":"1,23,46,50,000"},{"Name":"M.S. Dhoni - The Untold Story","Release Date":"30 Sep 2016","Nett Gross":"1,19,09,00,000"},{"Name":"Housefull 3","Release Date":"3 Jun 2016","Nett Gross":"1,08,07,25,000"},{"Name":"Ae Dil Hai Mushkil","Release Date":"28 Oct 2016","Nett Gross":"1,06,48,00,000"},{"Name":"Shivaay","Release Date":"28 Oct 2016","Nett Gross":"84,83,50,000"},{"Name":"Fan","Release Date":"15 Apr 2016","Nett Gross":"84,03,25,000"},{"Name":"Baaghi","Release Date":"29 Apr 2016","Nett Gross":"76,06,50,000"},{"Name":"Neerja","Release Date":"19 Feb 2016","Nett Gross":"71,76,50,000"},{"Name":"Kapoor & Sons","Release Date":"18 Mar 2016","Nett Gross":"69,37,50,000"},{"Name":"Dishoom","Release Date":"29 Jul 2016","Nett Gross":"67,80,50,000"},{"Name":"Dear Zindagi","Release Date":"25 Nov 2016","Nett Gross":"66,46,75,000"},{"Name":"Pink","Release Date":"16 Sep 2016","Nett Gross":"65,52,50,000"},{"Name":"Befikre","Release Date":"9 Dec 2016","Nett Gross":"60,26,50,000"},{"Name":"Udta Punjab","Release Date":"17 Jun 2016","Nett Gross":"58,14,75,000"},{"Name":"Mohenjo Daro","Release Date":"12 Aug 2016","Nett Gross":"53,66,50,000"},{"Name":"Ki & Ka","Release Date":"1 Apr 2016","Nett Gross":"51,68,00,000"},{"Name":"Wazir","Release Date":"8 Jan 2016","Nett Gross":"40,30,00,000"},{"Name":"Kahaani 2","Release Date":"2 Dec 2016","Nett Gross":"32,72,25,000"},{"Name":"Jai Gangaajal","Release Date":"4 Mar 2016","Nett Gross":"32,56,50,000"},{"Name":"Force 2","Release Date":"18 Nov 2016","Nett Gross":"31,92,50,000"},{"Name":"A Flying Jatt","Release Date":"25 Aug 2016","Nett Gross":"30,76,25,000"},{"Name":"Azhar","Release Date":"13 May 2016","Nett Gross":"30,73,00,000"},{"Name":"Baar Baar Dekho","Release Date":"9 Sep 2016","Nett Gross":"30,62,00,000"},{"Name":"Happy Bhaag Jayegi","Release Date":"19 Aug 2016","Nett Gross":"28,19,00,000"},{"Name":"Ghayal Once Again","Release Date":"5 Feb 2016","Nett Gross":"26,84,50,000"},{"Name":"Akira","Release Date":"2 Sep 2016","Nett Gross":"26,14,25,000"},{"Name":"Sarabjit","Release Date":"20 May 2016","Nett Gross":"25,69,50,000"},{"Name":"Raaz Reboot","Release Date":"16 Sep 2016","Nett Gross":"24,81,50,000"},{"Name":"Kyaa Kool Hain Hum 3","Release Date":"22 Jan 2016","Nett Gross":"23,19,50,000"},{"Name":"Rocky Handsome","Release Date":"24 Mar 2016","Nett Gross":"22,03,75,000"},{"Name":"Sanam Re","Release Date":"12 Feb 2016","Nett Gross":"21,55,50,000"},{"Name":"TE3N","Release Date":"10 Jun 2016","Nett Gross":"18,85,00,000"},{"Name":"Madaari","Release Date":"22 Jul 2016","Nett Gross":"17,79,00,000"},{"Name":"Mastizaade","Release Date":"29 Jan 2016","Nett Gross":"17,71,50,000"},{"Name":"Fitoor","Release Date":"12 Feb 2016","Nett Gross":"16,85,75,000"},{"Name":"1920 London","Release Date":"6 May 2016","Nett Gross":"15,35,00,000"},{"Name":"Great Grand Masti","Release Date":"15 Jul 2016","Nett Gross":"14,30,50,000"},{"Name":"Freaky Ali","Release Date":"9 Sep 2016","Nett Gross":"13,38,25,000"},{"Name":"MSG - The Warrior Lion Heart","Release Date":"7 Oct 2016","Nett Gross":"13,24,25,000"},{"Name":"Saala Khadoos","Release Date":"29 Jan 2016","Nett Gross":"10,76,75,000"},{"Name":"Rock On 2","Release Date":"11 Nov 2016","Nett Gross":"10,41,00,000"},{"Name":"Wajah Tum Ho","Release Date":"16 Dec 2016","Nett Gross":"9,70,50,000"},{"Name":"Sanam Teri Kasam","Release Date":"5 Feb 2016","Nett Gross":"8,03,50,000"},{"Name":"Banjo","Release Date":"23 Sep 2016","Nett Gross":"8,02,50,000"},{"Name":"Mirzya","Release Date":"7 Oct 2016","Nett Gross":"7,92,25,000"},{"Name":"Raman Raghav 2.0","Release Date":"24 Jun 2016","Nett Gross":"6,80,00,000"},{"Name":"Veerappan","Release Date":"27 May 2016","Nett Gross":"6,42,50,000"},{"Name":"Raees","Release Date":"25 Jan 2017","Nett Gross":"1,28,77,50,000"},{"Name":"Jolly LLB 2","Release Date":"10 Feb 2017","Nett Gross":"1,07,13,00,000"},{"Name":"Badrinath Ki Dulhania","Release Date":"10 Mar 2017","Nett Gross":"98,50,00,000"},{"Name":"Kaabil","Release Date":"25 Jan 2017","Nett Gross":"86,54,00,000"},{"Name":"Commando 2","Release Date":"3 Mar 2017","Nett Gross":"21,55,50,000"},{"Name":"Ok Jaanu","Release Date":"13 Jan 2017","Nett Gross":"21,32,00,000"},{"Name":"Rangoon","Release Date":"24 Feb 2017","Nett Gross":"20,87,00,000"},{"Name":"The Ghazi Attack","Release Date":"17 Feb 2017","Nett Gross":"20,13,00,000"},{"Name":"Hind Ka Napak Ko Jawab - MSG Lion Heart-2","Release Date":"10 Feb 2017","Nett Gross":"9,88,50,000"},{"Name":"Phillauri","Release Date":"24 Mar 2017","Nett Gross":"7,76,00,000"},{"Name":"Trapped","Release Date":"17 Mar 2017","Nett Gross":"2,29,50,000"},{"Name":"Machine","Release Date":"17 Mar 2017","Nett Gross":"2,16,00,000"},{"Name":"Haraamkhor","Release Date":"13 Jan 2017","Nett Gross":"1,64,75,000"},{"Name":"Running Shaadi","Release Date":"17 Feb 2017","Nett Gross":"96,80,000"},{"Name":"Aa Gaya Hero","Release Date":"10 Mar 2017","Nett Gross":"87,50,000"},{"Name":"Irada","Release Date":"17 Feb 2017","Nett Gross":"80,90,000"},{"Name":"Coffee With D","Release Date":"20 Jan 2017","Nett Gross":"51,70,000"},{"Name":"Jeena Isi Ka Naam Hai","Release Date":"3 Mar 2017","Nett Gross":"22,80,000"},{"Name":"Wedding Anniversary","Release Date":"24 Feb 2017","Nett Gross":"18,30,000"},{"Name":"Mona Darling","Release Date":"24 Feb 2017","Nett Gross":"9,85,000"},{"Name":"Luv Shv Pyar Vyar","Release Date":"3 Mar 2017","Nett Gross":"5,25,000"},{"Name":"9 O Clock","Release Date":"24 Feb 2017","Nett Gross":"75,000"},{"Name":"Majaz Ae Gham - E - Dil Kya Karun","Release Date":"20 Jan 2017","Nett Gross":"--"},{"Name":"The Great Leader Kanshiram","Release Date":"10 Feb 2017","Nett Gross":"--"},{"Name":"Amir Salman Shahrukh","Release Date":"6 Jan 2017","Nett Gross":"--"},{"Name":"Ishq Ka Jazbaa","Release Date":"24 Mar 2017","Nett Gross":"--"},{"Name":"Hyena","Release Date":"20 Jan 2017","Nett Gross":"--"},{"Name":"Horror Night","Release Date":"10 Feb 2017","Nett Gross":"--"},{"Name":"Purab Ki Awaz","Release Date":"10 Mar 2017","Nett Gross":"--"},{"Name":"Bhanwarey","Release Date":"24 Mar 2017","Nett Gross":"--"},{"Name":"Sailent Sannata - The Danger Zone","Release Date":"3 Feb 2017","Nett Gross":"--"},{"Name":"Chauhar","Release Date":"17 Mar 2017","Nett Gross":"--"},{"Name":"Double Dealer","Release Date":"20 Jan 2017","Nett Gross":"--"},{"Name":"Jab Raat Hoti Hai","Release Date":"10 Mar 2017","Nett Gross":"--"},{"Name":"Anaarkali Of Aaraah","Release Date":"24 Mar 2017","Nett Gross":"--"},{"Name":"Na Raja.. Na Rani...","Release Date":"3 Feb 2017","Nett Gross":"--"},{"Name":"Internet Ke Thagg","Release Date":"24 Feb 2017","Nett Gross":"--"},{"Name":"A Perfect Guest PG","Release Date":"17 Mar 2017","Nett Gross":"--"},{"Name":"Desi Black Picture","Release Date":"10 Mar 2017","Nett Gross":"--"},{"Name":"Ashley","Release Date":"13 Jan 2017","Nett Gross":"--"},{"Name":"Naam Shabana","Release Date":"31 Mar 2017","Nett Gross":"--"},{"Name":"Alif","Release Date":"3 Feb 2017","Nett Gross":"--"},{"Name":"Tere Mere Sanskar","Release Date":"24 Mar 2017","Nett Gross":"--"},{"Name":"Bhooton Ka Honeymoon","Release Date":"20 Jan 2017","Nett Gross":"--"},{"Name":"Yeh Hai Full 2 Dhamaal","Release Date":"13 Jan 2017","Nett Gross":"--"},{"Name":"Mantra","Release Date":"17 Mar 2017","Nett Gross":"--"},{"Name":"Le Lotta","Release Date":"24 Mar 2017","Nett Gross":"--"},{"Name":"Beauty With Brain","Release Date":"21 Jan 2017","Nett Gross":"--"},{"Name":"M.A. Pass","Release Date":"20 Jan 2017","Nett Gross":"--"},{"Name":"Prakash Electronic","Release Date":"6 Jan 2017","Nett Gross":"--"}]